"(PDH-CSV 4.0) (Korea Standard Time)(-540)","\\DESKTOP-PBJRE7A\Process(myIOCP)\% Processor Time","\\DESKTOP-PBJRE7A\Process(myIOCP)\Handle Count","\\DESKTOP-PBJRE7A\Process(myIOCP)\Private Bytes","\\DESKTOP-PBJRE7A\Process(myIOCP)\Thread Count"
"06/02/2026 13:07:01.636"," ","1909","291635200","51"
"06/02/2026 13:07:06.639","90.669046897053348744","1841","291635200","51"
"06/02/2026 13:07:11.638","109.07017854056925898","1203","291704832","51"
"06/02/2026 13:07:16.638","126.25207305903963118","1860","307159040","51"
"06/02/2026 13:07:21.637","120.97473118326895758","1841","307306496","51"
"06/02/2026 13:07:26.634","121.61932784712985267","1855","307306496","51"
"06/02/2026 13:07:31.647","129.66277305982600865","1507","307306496","51"
"06/02/2026 13:07:36.647","131.5561011112419294","1829","307306496","51"
"06/02/2026 13:07:41.647","121.27237475314196047","1835","307306496","51"
"06/02/2026 13:07:46.645","104.71579630247684634","1300","307306496","51"
"06/02/2026 13:07:51.645","115.93369505612824355","1758","307306496","51"
"06/02/2026 13:07:56.644","124.7104342488583768","1867","307306496","51"
"06/02/2026 13:08:01.643","110.9754025389831753","1787","307273728","50"
"06/02/2026 13:08:06.644","119.66851817964634108","1833","307273728","50"
"06/02/2026 13:08:11.642","125.34168706525001369","1807","307273728","50"
"06/02/2026 13:08:16.641","138.15253932718945862","1479","307273728","50"
"06/02/2026 13:08:21.641","125.33139245409851981","1864","307273728","50"
"06/02/2026 13:08:26.639","120.04885748401885337","1057","307273728","50"
"06/02/2026 13:08:31.636","128.18569336209307608","1429","307273728","50"
"06/02/2026 13:08:36.634","123.50273908689526081","1802","307499008","50"
"06/02/2026 13:08:41.646","126.86706677476431082","1325","307576832","50"
"06/02/2026 13:08:46.646","120.32702828539518691","1738","307576832","50"
"06/02/2026 13:08:51.644","120.02633377763081057","1857","307576832","50"
"06/02/2026 13:08:56.644","130.96305089122887466","1447","307576832","50"
"06/02/2026 13:09:01.644","129.35328675728493408","1607","307576832","50"
"06/02/2026 13:09:06.644","139.70938966717307039","1697","307576832","50"
"06/02/2026 13:09:11.643","125.00895314122398361","1682","307507200","48"
"06/02/2026 13:09:16.642","144.10876467781216093","1078","307507200","48"
"06/02/2026 13:09:21.641","138.15306717712769569","1557","307507200","48"
"06/02/2026 13:09:26.640","128.15298092185446421","1648","307585024","48"
"06/02/2026 13:09:31.638","131.29645005810155567","1605","307585024","48"
"06/02/2026 13:09:36.638","127.19282683558787994","1857","307585024","48"
"06/02/2026 13:09:41.636","105.04157125223878211","1709","307585024","48"
"06/02/2026 13:09:46.634","127.52734441318906988","1204","307585024","48"
"06/02/2026 13:09:51.632","131.3037373675550441","1648","307585024","48"
"06/02/2026 13:09:56.646","143.97672295037131107","1717","312123392","48"
"06/02/2026 13:10:01.645","129.4191837093183608","1355","312123392","48"
"06/02/2026 13:10:06.643","130.03209452156980319","1103","312123392","48"
"06/02/2026 13:10:11.642","137.85693404698201903","1846","312123392","48"
"06/02/2026 13:10:16.641","136.59301214705342886","1587","326008832","48"
"06/02/2026 13:10:21.637","118.20126582073284283","1767","326008832","48"
"06/02/2026 13:10:26.636","132.84515068113441316","1806","326008832","48"
"06/02/2026 13:10:31.634","133.17076812959078325","1310","326008832","48"
"06/02/2026 13:10:36.634","127.52123483602488818","1722","326008832","48"
"06/02/2026 13:10:41.633","134.07255812331041511","1668","326008832","48"
"06/02/2026 13:10:46.633","137.51491486766653338","1258","326008832","48"
"06/02/2026 13:10:51.646","119.69033238444166045","1656","326008832","48"
"06/02/2026 13:10:56.642","127.26738828497423128","1622","326008832","48"
"06/02/2026 13:11:01.640","126.92961527486046691","1745","326008832","48"
"06/02/2026 13:11:06.641","122.1805259355795954","1567","326008832","48"
"06/02/2026 13:11:11.640","125.00258255335555191","1057","326008832","48"
"06/02/2026 13:11:16.638","126.61831335252580288","1619","326008832","48"
"06/02/2026 13:11:21.637","135.35845148711084107","1255","326008832","48"
"06/02/2026 13:11:26.637","134.67953235886565722","1774","326008832","48"
"06/02/2026 13:11:31.636","125.01611457716899167","1830","420737024","48"
"06/02/2026 13:11:36.635","133.15151845641577211","1618","420737024","48"
"06/02/2026 13:11:41.634","132.83611826182695381","1704","420925440","48"
"06/02/2026 13:11:46.634","125.01995568532649372","1602","420925440","48"
"06/02/2026 13:11:51.632","129.71812385467961803","1805","420925440","48"
"06/02/2026 13:11:56.645","130.28385173423390597","1695","420925440","48"
"06/02/2026 13:12:01.644","132.55155194958422271","1405","420925440","48"
"06/02/2026 13:12:06.642","136.27998704835010813","1292","420925440","48"
"06/02/2026 13:12:11.640","122.86209697130536256","1654","420925440","48"
"06/02/2026 13:12:16.640","139.3790419922177648","1716","420925440","48"
"06/02/2026 13:12:21.639","138.14974814588285312","1819","420925440","48"
"06/02/2026 13:12:26.637","136.61563528518783528","1505","420925440","48"
"06/02/2026 13:12:31.636","129.09286780622272772","1554","420925440","48"
"06/02/2026 13:12:36.635","127.54178779135196464","1716","420925440","48"
"06/02/2026 13:12:41.634","125.02558523576263383","1590","420925440","48"
"06/02/2026 13:12:46.632","136.59670108201692074","1196","420925440","48"
"06/02/2026 13:12:51.647","144.56999966718987594","1537","420925440","48"
"06/02/2026 13:12:56.647","137.50124576128658305","1722","420925440","48"
"06/02/2026 13:13:01.645","135.36374600696333914","1591","420925440","48"
"06/02/2026 13:13:06.645","148.45516913423034566","1647","421003264","48"
"06/02/2026 13:13:11.644","135.9657618432567574","1799","421003264","48"
"06/02/2026 13:13:16.643","121.88413643486714477","1733","421003264","48"
"06/02/2026 13:13:21.643","132.81294625149939748","1206","421003264","48"
"06/02/2026 13:13:26.642","131.58715153696894617","1565","421003264","48"
"06/02/2026 13:13:31.641","131.58208994155049254","1295","421003264","48"
"06/02/2026 13:13:36.648","135.13732149015231698","1141","421003264","48"
"06/02/2026 13:13:41.632","132.60258321418370997","1141","421003264","48"
"06/02/2026 13:13:46.645","135.27960141607243827","1625","421040128","48"
"06/02/2026 13:13:51.643","126.60504435910644361","1733","421040128","48"
"06/02/2026 13:13:56.643","130.33462560604286296","1756","421040128","48"
"06/02/2026 13:14:01.643","130.29661423679223731","1501","421040128","48"
"06/02/2026 13:14:06.644","128.72355503285405121","1154","421040128","48"
"06/02/2026 13:14:11.642","139.44824100514071574","1586","421040128","48"
"06/02/2026 13:14:16.641","138.75968265065537821","1615","421040128","48"
"06/02/2026 13:14:21.640","133.17213760982838267","1691","421040128","48"
"06/02/2026 13:14:26.638","127.52761993192484624","1640","421113856","48"
"06/02/2026 13:14:31.637","134.09458347004104439","1186","421113856","48"
"06/02/2026 13:14:36.636","135.65279525774832337","1626","421113856","48"
"06/02/2026 13:14:41.634","135.35998699063605955","1201","421150720","49"
"06/02/2026 13:14:46.633","128.78246090709623672","1584","421187584","49"
"06/02/2026 13:14:51.645","137.78646691797055723","1699","421187584","49"
"06/02/2026 13:14:56.644","130.96433197233449164","1797","421187584","49"
"06/02/2026 13:15:01.642","137.56099729742160775","1616","421187584","49"
"06/02/2026 13:15:06.642","138.7691501427196954","1610","421187584","49"
"06/02/2026 13:15:11.641","137.52343949502753162","1641","421187584","49"
"06/02/2026 13:15:16.641","136.25087745565082287","1603","421187584","49"
"06/02/2026 13:15:21.640","143.13437243870728821","1688","421187584","49"
"06/02/2026 13:15:26.640","132.51777328375283105","1084","421187584","49"
"06/02/2026 13:15:31.637","136.93468435152144025","1619","421187584","49"
"06/02/2026 13:15:36.635","131.00437773483363912","1545","421187584","49"
"06/02/2026 13:15:41.634","136.88984433471966895","1138","421187584","49"
"06/02/2026 13:15:46.648","129.95850343332787702","1549","421187584","49"
"06/02/2026 13:15:51.646","136.94277023813546634","1616","421154816","48"
"06/02/2026 13:15:56.644","137.52906814384289191","1309","421154816","48"
"06/02/2026 13:16:01.643","126.27840506443519075","1742","421154816","48"
"06/02/2026 13:16:06.642","133.17086670991221808","1670","421154816","48"
"06/02/2026 13:16:11.641","121.89766809035809558","1260","421154816","48"
"06/02/2026 13:16:16.639","131.90775005618397131","1641","421154816","48"
"06/02/2026 13:16:21.638","134.40255521186955434","1617","421154816","48"
"06/02/2026 13:16:26.638","126.56344163200574826","1327","421154816","48"
"06/02/2026 13:16:31.636","135.67875049379563279","1611","421154816","48"
"06/02/2026 13:16:36.634","137.56054589867184745","1466","421154816","48"
"06/02/2026 13:16:41.647","132.1722867453520962","1532","421154816","48"
"06/02/2026 13:16:46.645","125.04962219107787291","1687","421154816","48"
"06/02/2026 13:16:51.643","128.47154495941424557","1743","421154816","48"
"06/02/2026 13:16:56.641","126.63097189912528506","1651","421154816","48"
"06/02/2026 13:17:01.641","131.87461756360906406","1672","421154816","48"
"06/02/2026 13:17:06.639","130.3670351381389878","1337","421154816","48"
"06/02/2026 13:17:11.636","133.18529564704533641","1630","421154816","48"
"06/02/2026 13:17:16.638","130.2780779262503188","1620","421154816","48"
"06/02/2026 13:17:21.636","138.17848059913109182","1627","421154816","48"
"06/02/2026 13:17:26.633","137.87441388429888889","1645","421154816","48"
"06/02/2026 13:17:31.647","134.93276681033168529","1255","421154816","48"
"06/02/2026 13:17:36.645","128.18403131009893059","1587","421232640","48"
"06/02/2026 13:17:41.644","138.14717262120569785","1569","421232640","48"
"06/02/2026 13:17:46.644","126.57967433021313752","1336","421232640","48"
"06/02/2026 13:17:51.644","127.79530386391206775","1630","421232640","48"
"06/02/2026 13:17:56.643","128.46558771609824134","1530","421232640","48"
"06/02/2026 13:18:01.642","134.10999639632373714","1623","421318656","48"
"06/02/2026 13:18:06.641","119.7083005142973775","1790","421318656","48"
"06/02/2026 13:18:11.639","115.03639291326204841","1711","421318656","48"
"06/02/2026 13:18:16.638","120.97508937977208632","1685","421318656","48"
"06/02/2026 13:18:21.636","123.46524017016142238","1476","421318656","48"
"06/02/2026 13:18:26.635","139.40076126068098006","1515","421318656","48"
"06/02/2026 13:18:31.634","132.83923256716181527","1265","421318656","48"
"06/02/2026 13:18:36.633","138.46635361876707293","1522","421318656","48"
"06/02/2026 13:18:41.647","139.92312751766894507","1572","421318656","48"
"06/02/2026 13:18:46.647","127.20746139484207049","1589","421318656","48"
"06/02/2026 13:18:51.647","131.56311308410698757","1533","421318656","48"
"06/02/2026 13:18:56.645","125.65158033530411785","1615","421318656","48"
"06/02/2026 13:19:01.644","133.17272377729284472","1552","421318656","48"
"06/02/2026 13:19:06.643","133.15414477920927538","1685","421318656","48"
"06/02/2026 13:19:11.640","127.24240509779968988","1652","421318656","48"
"06/02/2026 13:19:16.639","131.58668300060185175","1724","421318656","48"
"06/02/2026 13:19:21.637","132.24551346184543377","1612","421318656","48"
"06/02/2026 13:19:26.636","123.46560324060962444","1728","421318656","48"
"06/02/2026 13:19:31.634","127.87966239869179219","1352","421318656","48"
"06/02/2026 13:19:36.648","129.93345552487372174","1319","421318656","48"
"06/02/2026 13:19:41.647","137.21396857453802909","1565","421318656","48"
"06/02/2026 13:19:46.646","141.58856928737719727","1235","421318656","48"
"06/02/2026 13:19:51.645","142.52127272516693779","1585","421318656","48"
"06/02/2026 13:19:56.643","134.11712053851050541","1669","421318656","48"
"06/02/2026 13:20:01.641","126.61197996176905178","1493","421318656","48"
"06/02/2026 13:20:06.641","127.52107668355425574","1679","421318656","48"
"06/02/2026 13:20:11.642","133.72235156659007771","1599","421318656","48"
"06/02/2026 13:20:16.641","138.47022051310725033","1642","421318656","48"
"06/02/2026 13:20:21.641","137.80839882205106051","1518","421355520","48"
"06/02/2026 13:20:26.639","129.4144921264172865","1751","421392384","48"
"06/02/2026 13:20:31.638","120.95754508437137531","1597","421392384","48"
"06/02/2026 13:20:36.637","133.77830748986485787","1453","421392384","48"
"06/02/2026 13:20:41.635","128.17301617531958868","1472","421392384","48"
"06/02/2026 13:20:46.636","126.24289000043518172","1584","421392384","48"
"06/02/2026 13:20:51.634","133.18060290171146676","1537","421392384","48"
"06/02/2026 13:20:56.646","128.73495193768781064","1387","421392384","48"
"06/02/2026 13:21:01.644","138.48780431003757485","1522","421392384","48"
"06/02/2026 13:21:06.642","136.32781318921215075","1533","421392384","48"
"06/02/2026 13:21:11.641","128.44724657707027404","1641","421392384","48"
"06/02/2026 13:21:16.641","129.07972439842373547","1700","421392384","48"
"06/02/2026 13:21:21.642","133.72118843274029132","1660","421392384","48"
"06/02/2026 13:21:26.641","130.64888261574216699","1694","421392384","48"
"06/02/2026 13:21:31.639","136.92071234902485344","1568","421392384","48"
"06/02/2026 13:21:36.637","133.19236070450267562","1669","421392384","48"
"06/02/2026 13:21:41.635","135.67614176487685995","1422","421392384","48"
"06/02/2026 13:21:46.633","129.10008103358887865","1656","421392384","48"
"06/02/2026 13:21:51.647","137.73827500004787794","1666","421392384","48"
"06/02/2026 13:21:56.646","142.21890477855319546","1734","421392384","48"
"06/02/2026 13:22:01.645","136.27308738646502206","1669","421392384","48"
"06/02/2026 13:22:06.644","136.27260489970075241","1650","421392384","48"
"06/02/2026 13:22:11.644","131.27313557741416616","1698","421392384","48"
"06/02/2026 13:22:16.643","132.50394331735313358","1636","421392384","48"
"06/02/2026 13:22:21.642","135.04484839415169972","1592","421392384","48"
"06/02/2026 13:22:26.641","123.4683078121652926","1648","421392384","48"
"06/02/2026 13:22:31.642","123.09646870048460698","1434","421470208","48"
"06/02/2026 13:22:36.640","135.34573279122957956","1215","421470208","48"
"06/02/2026 13:22:41.639","112.84380964342366838","1085","421470208","48"
"06/02/2026 13:22:46.637","120.66799883470476118","1588","421470208","48"
"06/02/2026 13:22:51.638","131.53743159628638182","1500","421470208","48"
"06/02/2026 13:22:56.637","130.02265514743288577","1167","421470208","48"
"06/02/2026 13:23:01.638","112.7880249985752954","990","421470208","48"
"06/02/2026 13:23:06.637","109.09013689528104862","944","421470208","48"
"06/02/2026 13:23:11.671","111.11324978252592643","1179","421470208","48"
"06/02/2026 13:23:16.634","87.222268427283026426","1567","421470208","48"
"06/02/2026 13:23:21.633","85.315755649235569535","1555","421470208","48"
"06/02/2026 13:23:26.634","92.183952761497735651","1577","421470208","48"
"06/02/2026 13:23:31.635","91.534863793923335606","1565","421470208","48"
"06/02/2026 13:23:36.635","82.821204508593851301","1573","421470208","48"
"06/02/2026 13:23:41.634","75.942931438456469095","1613","421470208","48"
"06/02/2026 13:23:46.635","94.986618285215968172","1610","421470208","48"
"06/02/2026 13:23:51.635","85.006016725863858596","1603","421470208","48"
"06/02/2026 13:23:56.634","74.065779632722140491","1555","421470208","48"
"06/02/2026 13:24:01.634","79.076816066780736492","1535","421470208","48"
"06/02/2026 13:24:06.648","86.320252569593748149","1569","421470208","48"
"06/02/2026 13:24:11.646","84.095233228581889762","1512","421470208","48"
"06/02/2026 13:24:16.643","89.413129334873559628","1491","421470208","48"
"06/02/2026 13:24:21.646","85.573787511126084837","1497","421470208","48"
"06/02/2026 13:24:26.644","92.853963008641883903","1494","421470208","48"
"06/02/2026 13:24:31.643","78.137902130399766065","1515","421470208","48"
"06/02/2026 13:24:36.642","102.52323586617670514","1440","421470208","48"
"06/02/2026 13:24:41.642","92.513225690744746998","1435","421470208","48"
"06/02/2026 13:24:46.641","95.331383240392256084","1453","421470208","48"
"06/02/2026 13:24:51.639","87.835029685114236031","1543","421498880","48"
"06/02/2026 13:24:56.642","90.880557877656173105","1635","421498880","48"
"06/02/2026 13:25:01.641","98.147336370811260053","1632","421498880","48"
"06/02/2026 13:25:06.640","95.952510810791238782","1584","421498880","48"
"06/02/2026 13:25:11.641","89.685625570425571595","1469","421498880","48"
"06/02/2026 13:25:16.639","103.46166450636211209","1382","421498880","48"
"06/02/2026 13:25:21.638","91.271516347263698776","1323","421498880","48"
"06/02/2026 13:25:26.638","103.438242686582484","1333","421498880","48"
"06/02/2026 13:25:31.639","95.607075585469232237","1402","421498880","48"
"06/02/2026 13:25:36.638","89.089980695445319725","1437","421498880","48"
"06/02/2026 13:25:41.636","89.41051206718285016","1513","421498880","48"
"06/02/2026 13:25:46.634","92.22383065584855899","1518","421498880","48"
"06/02/2026 13:25:51.646","87.279667715631944702","1556","421498880","48"
"06/02/2026 13:25:56.644","85.670496173698012399","1513","421498880","48"
"06/02/2026 13:26:01.642","88.147717429735990891","1454","421498880","48"
"06/02/2026 13:26:06.641","86.903572156453606112","1498","421498880","48"
"06/02/2026 13:26:11.639","96.592250413127246134","1519","421498880","48"
"06/02/2026 13:26:16.638","85.011357517364317005","1524","421498880","48"
"06/02/2026 13:26:21.637","93.768429247084213785","1581","421498880","48"
"06/02/2026 13:26:26.634","74.422396647528941571","1552","421498880","48"
"06/02/2026 13:26:31.634","77.497219399767942605","1565","421498880","48"
"06/02/2026 13:26:36.647","77.301267716852095191","1567","421498880","48"
"06/02/2026 13:26:41.646","95.647379573872697733","1628","421498880","48"
"06/02/2026 13:26:46.645","73.763259683560718827","1580","421498880","48"
"06/02/2026 13:26:51.643","88.485060720137070689","1618","421498880","48"
"06/02/2026 13:26:56.641","78.465358340825332562","1657","421498880","48"
"06/02/2026 13:27:01.639","94.094157038193927178","1622","421498880","48"
"06/02/2026 13:27:06.642","89.957122836970981439","1598","421498880","48"
"06/02/2026 13:27:11.640","85.017903070028495449","1530","421498880","48"
"06/02/2026 13:27:16.639","89.396562450863143567","1563","421498880","48"
"06/02/2026 13:27:21.638","95.031307113815572052","1620","421498880","48"
"06/02/2026 13:27:26.637","78.754109389427938481","1702","421498880","48"
"06/02/2026 13:27:31.634","69.417241779967937987","1652","421498880","48"
"06/02/2026 13:27:36.633","80.641047568466134976","1655","421498880","48"
"06/02/2026 13:27:41.647","85.074393786669872952","1576","421498880","48"
"06/02/2026 13:27:46.647","94.062765256998019936","1555","421498880","48"
"06/02/2026 13:27:51.646","89.704308793381699161","1513","421498880","48"
"06/02/2026 13:27:56.644","84.096153598747150681","1547","421498880","48"
"06/02/2026 13:28:01.642","84.409482961979634297","1531","421498880","48"
"06/02/2026 13:28:06.642","76.248969113937576481","1505","421498880","48"
"06/02/2026 13:28:11.641","80.965941716006000206","1531","421498880","48"
"06/02/2026 13:28:16.638","85.667868201247912907","1510","421498880","48"
"06/02/2026 13:28:21.637","78.764049931226736589","1497","421498880","48"
"06/02/2026 13:28:26.636","80.337806409018838849","1551","421498880","48"
"06/02/2026 13:28:31.634","79.096077866976088444","1526","421498880","48"
"06/02/2026 13:28:36.647","88.817502249096008882","1488","421498880","48"
"06/02/2026 13:28:41.646","69.388973551493805303","1486","421498880","48"
"06/02/2026 13:28:46.645","81.591180931921186925","1525","421498880","48"
"06/02/2026 13:28:51.643","86.585536947960378029","1615","421498880","48"
"06/02/2026 13:28:56.642","79.388991515864759663","1651","421498880","48"
"06/02/2026 13:29:01.641","81.277585612556904948","1590","421498880","48"
"06/02/2026 13:29:06.639","84.086595854908182446","1544","421498880","48"
"06/02/2026 13:29:11.637","82.844204477053366986","1476","421498880","48"
"06/02/2026 13:29:16.636","80.639661903327265691","1491","421498880","48"
"06/02/2026 13:29:21.634","83.473889607435467042","1486","421498880","48"
"06/02/2026 13:29:26.647","74.493240995725813036","1563","421498880","48"
"06/02/2026 13:29:31.645","75.030105079362044762","1585","421498880","48"
"06/02/2026 13:29:36.643","79.729102645760562496","1592","421498880","48"
"06/02/2026 13:29:41.640","78.783694210339888286","1507","421498880","48"
"06/02/2026 13:29:46.638","75.668668388527009938","1526","421498880","48"
"06/02/2026 13:29:51.636","85.972358352417572291","1568","421498880","48"
"06/02/2026 13:29:56.634","84.71998842115974071","1591","421498880","48"
"06/02/2026 13:30:01.647","81.341636308596719118","1636","421498880","48"
"06/02/2026 13:30:06.645","78.789361589262767893","1671","421498880","48"
"06/02/2026 13:30:11.645","80.928173837247001643","1616","421498880","48"
"06/02/2026 13:30:16.644","87.52316913333298487","1597","421498880","48"
"06/02/2026 13:30:21.642","92.219629318854686062","1575","421498880","48"
"06/02/2026 13:30:26.641","90.967985191197271888","1573","421498880","48"
"06/02/2026 13:30:31.639","95.023982152615687369","1580","421498880","48"
"06/02/2026 13:30:36.637","96.914583792604247492","1591","421498880","48"
"06/02/2026 13:30:41.636","100.6458256342402251","1516","421498880","48"
"06/02/2026 13:30:46.634","87.235205444449348988","1497","421498880","48"
"06/02/2026 13:30:51.647","87.261836270267551185","1554","421498880","48"
"06/02/2026 13:30:56.646","90.330369153625966305","1533","421498880","48"
"06/02/2026 13:31:01.645","87.841308435514505959","1485","421498880","48"
"06/02/2026 13:31:06.643","86.284477551540035734","1551","421498880","48"
"06/02/2026 13:31:11.644","87.482517493704065714","1579","421498880","48"
"06/02/2026 13:31:16.641","82.533640711954191715","1496","421498880","48"
"06/02/2026 13:31:21.641","97.828856984887863746","1421","421498880","48"
"06/02/2026 13:31:26.639","97.839294269128544101","1443","421498880","48"
"06/02/2026 13:31:31.638","79.393506626394611203","1446","421498880","48"
"06/02/2026 13:31:36.637","91.574514576312409986","1544","421498880","48"
"06/02/2026 13:31:41.637","76.577126231110142385","1619","421498880","48"
"06/02/2026 13:31:46.635","79.716534356143199602","1568","421498880","48"
"06/02/2026 13:31:51.634","79.068610422213424727","1575","421498880","48"
"06/02/2026 13:31:56.647","86.038702712330945133","1480","421498880","48"
"06/02/2026 13:32:01.647","95.920355195712318164","1562","421498880","48"
"06/02/2026 13:32:06.647","82.202342454953665651","1541","421498880","48"
"06/02/2026 13:32:11.644","80.034922438056625538","1511","421498880","48"
"06/02/2026 13:32:16.643","87.842088729167528527","1520","421498880","48"
"06/02/2026 13:32:21.641","74.394982492297430099","1452","421498880","48"
"06/02/2026 13:32:26.640","89.078726580833972548","1429","421498880","48"
"06/02/2026 13:32:31.639","83.456980528394936414","1522","421498880","48"
"06/02/2026 13:32:36.638","81.576505054387737914","1539","421498880","48"
"06/02/2026 13:32:41.637","84.094223704950451292","1604","421498880","48"
"06/02/2026 13:32:46.635","80.030704580119206071","1590","421498880","48"
"06/02/2026 13:32:51.633","89.723032115178256163","1527","421498880","48"
"06/02/2026 13:32:56.646","105.97708991758602792","1485","421498880","48"
"06/02/2026 13:33:01.644","95.975143370732880044","1456","421498880","48"
"06/02/2026 13:33:06.642","79.079593845005533126","1489","421498880","48"
"06/02/2026 13:33:11.641","85.343274784887441342","1458","421498880","48"
"06/02/2026 13:33:16.639","93.461072751769449951","1454","421498880","48"
"06/02/2026 13:33:21.639","85.01528744898907064","1429","421498880","48"
"06/02/2026 13:33:26.638","80.939491111481345342","1452","421498880","48"
"06/02/2026 13:33:31.638","86.577124607888762853","1422","421498880","48"
"06/02/2026 13:33:36.635","89.115505902911053226","1439","421498880","48"
"06/02/2026 13:33:41.646","78.252870178101787246","1460","421498880","48"
"06/02/2026 13:33:46.644","75.342739561950594407","1556","421498880","48"
"06/02/2026 13:33:51.644","86.24872179394301952","1551","421498880","48"
"06/02/2026 13:33:56.643","78.467025572382382848","1565","421498880","48"
"06/02/2026 13:34:01.641","101.28918068087098447","1549","421498880","48"
"06/02/2026 13:34:06.638","87.552699721016068679","1606","421498880","48"
"06/02/2026 13:34:11.635","83.473403580347977027","1580","421498880","48"
"06/02/2026 13:34:16.648","88.532419185313401044","1608","421498880","48"
"06/02/2026 13:34:21.646","88.474662897403419493","1648","421498880","48"
"06/02/2026 13:34:26.645","85.641487699211850781","1591","421498880","48"
"06/02/2026 13:34:31.643","99.414751982727807444","1528","421498880","48"
"06/02/2026 13:34:36.641","92.537188845453215436","1555","421498880","48"
"06/02/2026 13:34:41.639","77.845917695548351389","1591","421498880","48"
"06/02/2026 13:34:46.637","87.846544049681014599","1610","421498880","48"
"06/02/2026 13:34:51.635","83.145576867363132578","1674","421498880","48"
"06/02/2026 13:34:56.633","75.029156330149888277","1665","421498880","48"
"06/02/2026 13:35:01.646","80.430074497252917354","1663","421498880","48"
"06/02/2026 13:35:06.644","83.467711973025757288","1498","421498880","48"
"06/02/2026 13:35:11.641","63.474927356166290338","1137","421498880","48"
"06/02/2026 13:35:16.640","73.755929976770133294","1148","421498880","48"
"06/02/2026 13:35:21.641","73.431819314457840164","1268","421498880","48"
"06/02/2026 13:35:26.638","91.621649104228708893","1416","421498880","48"
"06/02/2026 13:35:31.635","83.799939736086329845","1416","421498880","48"
"06/02/2026 13:35:36.647","94.136118303470752267","1523","421498880","48"
"06/02/2026 13:35:41.644","88.485825648819854905","1451","421498880","48"
"06/02/2026 13:35:46.643","69.703208315025875663","1066","421498880","48"
"06/02/2026 13:35:51.641","58.149185409195389695","819","421498880","48"
"06/02/2026 13:35:56.639","43.14850644334020302","703","421498880","48"
"06/02/2026 13:36:01.639","31.55793609128247823","676","421498880","48"
"06/02/2026 13:36:06.636","21.575525144529752453","780","421498880","48"
"06/02/2026 13:36:11.641","19.045865721795898651","966","421498880","48"
"06/02/2026 13:36:16.638","33.141424227018426052","1331","421498880","48"
"06/02/2026 13:36:21.636","40.6404197880759952","1608","421498880","48"
"06/02/2026 13:36:26.635","36.882366883961402948","1625","421527552","48"
"06/02/2026 13:36:31.633","38.457134674679508635","1663","421527552","48"
"06/02/2026 13:36:36.645","38.030400140259104091","1649","421527552","48"
"06/02/2026 13:36:41.643","28.135718020422700647","1612","421527552","48"
"06/02/2026 13:36:46.641","40.645688655525660238","1596","421527552","48"
"06/02/2026 13:36:51.639","44.38653339683783372","1589","421527552","48"
"06/02/2026 13:36:56.638","34.074814638010174406","1593","421527552","48"
"06/02/2026 13:37:01.635","30.991378803368618833","1579","421527552","48"
"06/02/2026 13:37:06.646","39.950431367016136619","1532","421527552","48"
"06/02/2026 13:37:11.644","36.270716382368952679","1536","421527552","48"
"06/02/2026 13:37:16.641","40.95547126078923128","1456","421527552","48"
"06/02/2026 13:37:21.641","42.193207053186014832","1455","421527552","48"
"06/02/2026 13:37:26.639","45.636273985125285435","1415","421527552","48"
"06/02/2026 13:37:31.638","46.263370113962935193","1456","421527552","48"
"06/02/2026 13:37:36.635","36.274207229452507306","1393","421527552","48"
"06/02/2026 13:37:41.633","38.13990125942205367","1411","421527552","48"
"06/02/2026 13:37:46.647","45.493728755550435494","1435","421527552","48"
"06/02/2026 13:37:51.646","35.944275495930980924","1522","421527552","48"
"06/02/2026 13:37:56.644","36.887566856276599481","1509","421527552","48"
"06/02/2026 13:38:01.642","32.519041199383885044","1445","421527552","48"
"06/02/2026 13:38:06.639","34.390782617959033018","1367","421527552","48"
"06/02/2026 13:38:11.637","41.26544152821985989","1398","421527552","48"
"06/02/2026 13:38:16.635","37.521458522128803281","1426","421527552","48"
"06/02/2026 13:38:21.646","41.463547244501000932","1460","421527552","48"
"06/02/2026 13:38:26.644","44.706028860721616525","1444","421527552","48"
"06/02/2026 13:38:31.642","46.587758018887519995","1394","421527552","48"
"06/02/2026 13:38:36.639","35.641172538451051821","1418","421527552","48"
"06/02/2026 13:38:41.639","47.195223970354987841","1512","421527552","48"
"06/02/2026 13:38:46.636","51.585097367752922537","1521","421527552","48"
"06/02/2026 13:38:51.635","41.265392816828530442","1532","421527552","48"
"06/02/2026 13:38:56.646","45.51705539279488022","1489","421527552","48"
"06/02/2026 13:39:01.643","42.214062776861709381","1543","421527552","48"
"06/02/2026 13:39:06.643","35.941576493605900566","1450","421527552","48"
"06/02/2026 13:39:11.641","44.704443878318762984","1491","421527552","48"
"06/02/2026 13:39:16.639","37.199816859362130117","1487","421527552","48"
"06/02/2026 13:39:21.638","39.069183174473828046","1513","421527552","48"
"06/02/2026 13:39:26.636","44.086385121731254344","1486","421527552","48"
"06/02/2026 13:39:31.634","36.889455502033023038","1541","421527552","48"
"06/02/2026 13:39:36.646","39.593317001250106557","1517","421527552","48"
"06/02/2026 13:39:41.644","45.328994314451144021","1482","421527552","48"
"06/02/2026 13:39:46.641","38.142216633744141063","1418","421527552","48"
"06/02/2026 13:39:51.639","34.70250189156772791","1523","421527552","48"
"06/02/2026 13:39:56.639","42.193570810968282103","1539","421527552","48"
"06/02/2026 13:40:01.635","40.649968836858349164","1624","421527552","48"
"06/02/2026 13:40:06.633","37.202623610550162425","1629","421527552","48"
"06/02/2026 13:40:11.645","44.581517250670330554","1620","421527552","48"
"06/02/2026 13:40:16.644","40.952042070139107466","1628","421527552","48"
"06/02/2026 13:40:21.641","46.589566674655308987","1634","421560320","48"
"06/02/2026 13:40:26.638","33.139708065233513423","1682","421560320","48"
"06/02/2026 13:40:31.636","32.514048670149399811","1669","421560320","48"
"06/02/2026 13:40:36.634","39.390170730355087869","1627","421560320","48"
"06/02/2026 13:40:41.634","40.631878164335660131","1657","421560320","48"
"06/02/2026 13:40:46.646","29.927165061303700355","1199","421560320","48"
"06/02/2026 13:40:51.647","19.056026667740969316","941","421560320","48"
"06/02/2026 13:40:56.640","12.829936139812728513","962","421560320","48"
"06/02/2026 13:41:01.636","23.457890067204214546","1046","421560320","48"
"06/02/2026 13:41:06.634","25.322176616572257046","1313","421560320","48"
"06/02/2026 13:41:11.647","19.635883545641245718","1609","421560320","48"
"06/02/2026 13:41:16.647","32.506206735113998718","1647","421560320","48"
"06/02/2026 13:41:21.646","33.752177015417494488","1616","421560320","48"
"06/02/2026 13:41:26.645","41.262329183960169132","1630","421560320","48"
"06/02/2026 13:41:31.643","42.824147311585804232","1598","421560320","48"
"06/02/2026 13:41:36.641","41.891737424770688847","1548","421560320","48"
"06/02/2026 13:41:41.639","35.957207426246178272","1569","421560320","48"
"06/02/2026 13:41:46.637","28.444236164008362522","1587","421560320","48"
"06/02/2026 13:41:51.636","39.7022485913066987","1553","421560320","48"
"06/02/2026 13:41:56.632","36.585495447308453265","1568","421560320","48"
"06/02/2026 13:42:01.645","33.350720757574379149","1593","421560320","48"
"06/02/2026 13:42:06.643","30.950519026323231486","1599","421560320","48"
"06/02/2026 13:42:11.641","41.89194110098124213","1548","421560320","48"
"06/02/2026 13:42:16.639","33.137651955516616908","1558","421560320","48"
"06/02/2026 13:42:21.638","37.819762150728180927","1554","421560320","48"
"06/02/2026 13:42:26.637","34.075280274619800025","1487","421560320","48"
"06/02/2026 13:42:31.635","34.70087996529701968","1531","421560320","48"
"06/02/2026 13:42:36.632","35.014954186634028588","1496","421560320","48"
"06/02/2026 13:42:41.645","47.074149214623126625","1383","421560320","48"
"06/02/2026 13:42:46.643","39.70238521826603062","1423","421560320","48"
"06/02/2026 13:42:51.641","50.013358568073527977","1545","421560320","48"
"06/02/2026 13:42:56.639","43.140751551206371062","1511","421560320","48"
"06/02/2026 13:43:01.638","41.266273767723035348","1574","421560320","48"
"06/02/2026 13:43:06.635","45.643700223981767294","1587","421560320","48"
"06/02/2026 13:43:11.660","42.605437573393309947","1682","421560320","48"
"06/02/2026 13:43:16.649","62.951371985627737615","1678","421560320","48"
"06/02/2026 13:43:21.662","56.706557706856401069","1675","421560320","48"
"06/02/2026 13:43:26.654","41.645235756973661978","1674","421560320","48"
"06/02/2026 13:43:31.640","62.042538429925400578","1633","421560320","48"
"06/02/2026 13:43:36.655","63.253517025169571752","1673","421560320","48"
"06/02/2026 13:43:41.646","45.378205826909130849","1661","421560320","48"
"06/02/2026 13:43:46.649","46.858324996466755863","1609","421560320","48"
"06/02/2026 13:43:51.659","29.320083483635151822","1662","421560320","48"
"06/02/2026 13:43:56.651","52.895266281055299373","1661","421560320","48"
"06/02/2026 13:44:01.644","60.702508605137552422","1609","421560320","48"
"06/02/2026 13:44:06.656","42.389876188447559002","1575","421560320","48"
"06/02/2026 13:44:11.649","39.125804769601117528","1522","421560320","48"
"06/02/2026 13:44:16.653","54.337781879679333485","1527","421560320","48"
"06/02/2026 13:44:21.645","44.749712840779764633","1502","421560320","48"
"06/02/2026 13:44:26.637","45.393994021707413822","1504","421560320","48"
"06/02/2026 13:44:31.641","43.403310344375526597","1479","421560320","48"
"06/02/2026 13:44:36.651","36.792644081341208562","1518","421560320","48"
"06/02/2026 13:44:41.646","47.556927544547924924","1499","421560320","48"
"06/02/2026 13:44:46.647","39.994675108955995313","1547","421560320","48"
"06/02/2026 13:44:51.659","40.52788626836601793","1579","421560320","48"
"06/02/2026 13:44:56.655","37.84103819736692742","1587","421560320","48"
"06/02/2026 13:45:01.642","39.78315940244637261","1544","421560320","48"
"06/02/2026 13:45:06.654","44.888670709998720554","1580","421560320","48"
"06/02/2026 13:45:11.643","44.170605790848874506","1558","421560320","48"
"06/02/2026 13:45:16.641","29.075118601473036506","1590","421560320","48"
"06/02/2026 13:45:21.641","39.998685643189766381","1607","421560320","48"
"06/02/2026 13:45:26.654","38.96314864652919141","1609","421560320","48"
"06/02/2026 13:45:31.643","53.227610057564568535","1672","421560320","48"
"06/02/2026 13:45:36.658","42.998248901921940046","1657","421560320","48"
"06/02/2026 13:45:41.649","49.781752788188931902","1639","421560320","48"
"06/02/2026 13:45:46.658","39.919531804569615474","1644","421560320","48"
"06/02/2026 13:45:51.653","69.446827464710196409","1641","421638144","48"
"06/02/2026 13:45:56.651","49.722239934597503463","1675","421638144","48"
"06/02/2026 13:46:01.653","45.608768751376757677","1640","421715968","48"
"06/02/2026 13:46:06.651","32.198814663472745679","1618","421715968","48"
"06/02/2026 13:46:11.642","40.694450777474870051","1582","421715968","48"
"06/02/2026 13:46:16.652","47.7207492242964193","1562","421715968","48"
"06/02/2026 13:46:21.643","39.12845022027727282","1603","421715968","48"
"06/02/2026 13:46:26.648","51.18903181554641435","1538","421715968","48"
"06/02/2026 13:46:31.654","44.647808990763394377","1566","421715968","48"
"06/02/2026 13:46:36.653","48.136385217831723082","1576","421715968","48"
"06/02/2026 13:46:41.651","41.890101381548049631","1562","421715968","48"
"06/02/2026 13:46:46.650","42.509494920785506622","1539","421752832","48"
"06/02/2026 13:46:51.661","41.151406990048819523","1495","421752832","48"
"06/02/2026 13:46:56.636","51.828282689591794963","1599","421752832","48"
"06/02/2026 13:47:01.649","48.931237063453579594","1513","421752832","48"
"06/02/2026 13:47:06.649","40.302803951425367757","1506","421752832","48"
"06/02/2026 13:47:11.653","46.857031265650249452","1504","421752832","48"
"06/02/2026 13:47:16.660","41.501996729088460825","1471","421752832","48"
"06/02/2026 13:47:21.656","49.412542661663479748","1456","421752832","48"
"06/02/2026 13:47:26.638","63.035861270827055591","1469","421752832","48"
"06/02/2026 13:47:31.635","56.910434713069747659","1452","421752832","48"
"06/02/2026 13:47:36.654","55.73135751095702517","1494","421752832","48"
"06/02/2026 13:47:41.638","50.144088034084177252","1480","421752832","48"
"06/02/2026 13:47:46.645","46.502789488241305094","1464","421752832","48"
"06/02/2026 13:47:51.638","50.674996965506103663","1494","422076416","48"
"06/02/2026 13:47:56.648","47.744996214552017477","1504","422309888","48"
"06/02/2026 13:48:01.646","53.146168118761707433","1512","422309888","48"
"06/02/2026 13:48:06.650","41.207488706350979157","1570","422309888","48"
"06/02/2026 13:48:11.637","35.406366526425536279","1480","422309888","48"
"06/02/2026 13:48:16.649","43.957637297920321373","1499","422309888","48"
"06/02/2026 13:48:21.659","57.392350316358609064","1564","422309888","48"
"06/02/2026 13:48:26.645","64.558466122534980514","1557","422309888","48"
"06/02/2026 13:48:31.657","64.22397859880449289","1617","422309888","48"
"06/02/2026 13:48:36.652","63.467234399316076576","1584","422309888","48"
"06/02/2026 13:48:41.651","35.320478189613467634","1604","422309888","48"
"06/02/2026 13:48:46.650","54.412293097443118484","1599","422309888","48"
"06/02/2026 13:48:51.653","69.020626566274771108","1677","422309888","48"
"06/02/2026 13:48:56.640","44.176950994018241659","1670","422309888","48"
"06/02/2026 13:49:01.649","61.738384068964514029","1684","422309888","48"
"06/02/2026 13:49:06.649","55.617532790047604863","1644","422309888","48"
"06/02/2026 13:49:11.642","71.016491643655228927","1652","422309888","48"
"06/02/2026 13:49:16.644","54.713791070885385182","1652","422309888","48"
"06/02/2026 13:49:21.647","42.145736946345131457","1636","422309888","48"
"06/02/2026 13:49:26.656","63.97334929935040293","1629","422309888","48"
"06/02/2026 13:49:31.654","60.627796153958627201","1655","422309888","48"
"06/02/2026 13:49:36.653","61.275750521399110937","1600","422309888","48"
"06/02/2026 13:49:41.646","48.810228893841269837","1633","422309888","48"
"06/02/2026 13:49:46.646","59.691910038313636733","1646","422387712","48"
"06/02/2026 13:49:51.650","59.012036447152581786","1646","422387712","48"
"06/02/2026 13:49:56.644","54.136096941069446586","1672","422387712","48"
"06/02/2026 13:50:01.656","57.671932738021659759","1673","422387712","48"
"06/02/2026 13:50:06.642","45.748953128585654326","1623","422387712","48"
"06/02/2026 13:50:11.652","39.921411507734106294","1613","422387712","48"
"06/02/2026 13:50:16.640","55.144766039807699087","1607","422387712","48"
"06/02/2026 13:50:21.640","59.045230450997685523","1599","422387712","48"
"06/02/2026 13:50:26.645","43.086457440361300542","1544","422387712","48"
"06/02/2026 13:50:31.651","55.873897624855672461","1570","422387712","48"
"06/02/2026 13:50:36.663","55.803098237894033673","1554","422387712","48"
"06/02/2026 13:50:41.647","40.439677934342157073","1545","422387712","48"
"06/02/2026 13:50:46.650","58.723028513003974638","1566","422387712","48"
"06/02/2026 13:50:51.647","62.223452710976403068","1560","422387712","48"
"06/02/2026 13:50:56.649","57.475213239538312848","1568","422387712","48"
"06/02/2026 13:51:01.651","57.462340331393612303","1573","422387712","48"
"06/02/2026 13:51:06.653","48.743085305918505412","1569","422387712","48"
"06/02/2026 13:51:11.651","39.386288898123979152","1606","422387712","48"
"06/02/2026 13:51:16.653","74.65096730961802507","1581","422387712","48"
"06/02/2026 13:51:21.654","58.124236247535712607","1573","422387712","48"
"06/02/2026 13:51:26.645","51.344961479356840073","1546","422387712","48"
"06/02/2026 13:51:31.641","53.793998111055032041","1532","422387712","48"
"06/02/2026 13:51:36.653","40.834155286434878462","1535","422387712","48"
"06/02/2026 13:51:41.653","69.993035692948552651","1521","422387712","48"
"06/02/2026 13:51:46.657","58.366486663006853064","1567","422387712","48"
"06/02/2026 13:51:51.649","54.809062115046202734","1557","422387712","48"
"06/02/2026 13:51:56.654","71.801020536500431035","1542","422387712","48"
"06/02/2026 13:52:01.644","58.244669497950482651","1555","422387712","48"
"06/02/2026 13:52:06.647","60.896963327391482323","1584","422387712","48"
"06/02/2026 13:52:11.647","33.747387277276992279","1570","422387712","48"
"06/02/2026 13:52:16.650","59.662439388959064956","1562","422387712","48"
"06/02/2026 13:52:21.646","35.023632546296937562","1496","422387712","48"
"06/02/2026 13:52:26.652","63.664642267526240005","1558","422387712","48"
"06/02/2026 13:52:31.649","54.108648183863053305","1576","422387712","48"
"06/02/2026 13:52:36.652","45.25098671368115788","1636","422387712","48"
"06/02/2026 13:52:41.657","60.611340628276010989","1632","422387712","48"
"06/02/2026 13:52:46.654","65.961337108004087781","1643","422387712","48"
"06/02/2026 13:52:51.652","87.235374773675786741","1625","422387712","48"
"06/02/2026 13:52:56.642","69.20574759282743571","1618","422387712","48"
"06/02/2026 13:53:01.649","53.349007866691202651","1676","422387712","48"
"06/02/2026 13:53:06.651","54.676754924122306534","1642","422461440","48"
"06/02/2026 13:53:11.654","60.906334228775136808","1666","422461440","48"
"06/02/2026 13:53:16.652","53.769377408230376147","1635","422461440","48"
"06/02/2026 13:53:21.653","64.049959018024267721","1661","422461440","48"
"06/02/2026 13:53:26.653","51.867207470749598031","1618","422461440","48"
"06/02/2026 13:53:31.657","57.711817118092120893","1575","422461440","48"
"06/02/2026 13:53:36.642","53.659437580209242924","1637","422461440","48"
"06/02/2026 13:53:41.650","38.05447592304038551","1651","422461440","48"
"06/02/2026 13:53:46.660","38.679915860452446452","1635","422461440","48"
"06/02/2026 13:53:51.658","62.214113953667101953","1664","422461440","48"
"06/02/2026 13:53:56.649","62.917305130193668106","1650","422461440","48"
"06/02/2026 13:54:01.646","58.163669534053020982","1604","422461440","48"
"06/02/2026 13:54:06.653","49.5884223321803006","1641","422461440","48"
"06/02/2026 13:54:11.644","64.461700987828635334","1617","422461440","48"
"06/02/2026 13:54:16.638","54.188185160424794162","1583","422461440","48"
"06/02/2026 13:54:21.653","39.557129195881380213","1587","422461440","48"
"06/02/2026 13:54:26.650","82.842979589050401046","1638","422461440","48"
"06/02/2026 13:54:31.650","58.781406905709722821","1647","422461440","48"
"06/02/2026 13:54:36.667","67.881016619584556793","1603","422461440","48"
"06/02/2026 13:54:41.651","76.820452324040800818","1643","422461440","48"
"06/02/2026 13:54:46.635","58.312170404564568571","1623","422461440","48"
"06/02/2026 13:54:51.659","64.376252407335968542","1649","422461440","48"
"06/02/2026 13:54:56.645","52.336528264232406116","1651","422461440","48"
"06/02/2026 13:55:01.650","41.819331778309987158","1631","422461440","48"
"06/02/2026 13:55:06.651","43.439508642879651745","1614","422461440","48"
"06/02/2026 13:55:11.660","37.43561523407122138","1651","422461440","48"
"06/02/2026 13:55:16.656","38.464435875154649125","1651","422461440","48"
"06/02/2026 13:55:21.638","27.911946917433184012","1591","422461440","48"
"06/02/2026 13:55:26.647","23.397494028809777689","1647","422461440","48"
"06/02/2026 13:55:31.648","54.051431347888581058","1625","422461440","48"
"06/02/2026 13:55:36.648","77.187652831552611588","1630","422461440","48"
"06/02/2026 13:55:41.656","66.460307972049861291","1558","422461440","48"
"06/02/2026 13:55:46.657","62.161363633046853749","1604","422461440","48"
"06/02/2026 13:55:51.649","41.008498012609230443","1647","422461440","48"
"06/02/2026 13:55:56.661","43.948557212628251989","1600","422461440","48"
"06/02/2026 13:56:01.650","51.372944703806254552","1596","422461440","48"
"06/02/2026 13:56:06.659","67.998540394486767013","1600","422461440","48"
"06/02/2026 13:56:11.654","59.740218353087868763","1627","422461440","48"
"06/02/2026 13:56:16.660","53.372823879479327047","1628","422461440","48"
"06/02/2026 13:56:21.653","61.662494367365894732","1599","422461440","48"
"06/02/2026 13:56:26.644","62.907514251374998082","1603","422461440","48"
"06/02/2026 13:56:31.657","72.29783356799381977","1663","422461440","48"
"06/02/2026 13:56:36.656","49.093252995541469375","1623","422461440","48"
"06/02/2026 13:56:41.663","72.408918269886683561","1609","422461440","48"
"06/02/2026 13:56:46.645","84.051173847152597318","1630","422461440","48"
"06/02/2026 13:56:51.653","60.199390161837115443","1602","422461440","48"
"06/02/2026 13:56:56.640","33.218990476032693948","1580","422461440","48"
"06/02/2026 13:57:01.639","33.431943610971856629","1590","422461440","48"
"06/02/2026 13:57:06.645","66.198210492003681793","1525","422461440","48"
"06/02/2026 13:57:11.656","53.944881816380473083","1589","422461440","48"
"06/02/2026 13:57:16.644","41.348608989690795568","1578","422461440","48"
"06/02/2026 13:57:21.647","63.396424188839560543","1556","422461440","48"
"06/02/2026 13:57:26.656","56.773519604647482595","1513","422461440","48"
"06/02/2026 13:57:31.650","73.508338515660781809","1607","422461440","48"
"06/02/2026 13:57:36.648","48.152410278026664514","1601","422461440","48"
"06/02/2026 13:57:41.657","55.835051613896759193","1587","422461440","48"
"06/02/2026 13:57:46.649","49.769907021249501611","1605","422461440","48"
"06/02/2026 13:57:51.650","32.182206027108541946","1670","422461440","48"
"06/02/2026 13:57:56.658","32.761375872950260657","1637","422461440","48"
"06/02/2026 13:58:01.645","21.930733450146195906","1606","422461440","48"
"06/02/2026 13:58:06.648","23.111613753314081521","1610","422461440","48"
"06/02/2026 13:58:11.646","30.013632792286916384","1589","422461440","48"
"06/02/2026 13:58:16.649","23.412566553123586033","1589","422461440","48"
"06/02/2026 13:58:21.649","20.945273209793619174","1608","422461440","48"
"06/02/2026 13:58:26.656","25.896707506336021254","1649","422461440","48"
"06/02/2026 13:58:31.649","29.42167336576050829","1605","422461440","48"
"06/02/2026 13:58:36.649","27.498075684663586316","1613","422461440","48"
"06/02/2026 13:58:41.650","27.49642491483257345","1588","422461440","48"
"06/02/2026 13:58:46.652","21.552654316455157613","1584","422461440","48"
"06/02/2026 13:58:51.658","45.240964986163881179","1598","422461440","48"
"06/02/2026 13:58:56.655","60.06308185234624375","1556","422461440","48"
"06/02/2026 13:59:01.648","50.372441190118586007","1598","422461440","48"
"06/02/2026 13:59:06.650","61.863018370601984941","1621","422461440","48"
"06/02/2026 13:59:11.663","48.618527722075072006","1634","422461440","48"
"06/02/2026 13:59:16.661","46.587035528131245599","1672","422461440","48"
"06/02/2026 13:59:21.639","48.965549285889444775","1655","422461440","48"
"06/02/2026 13:59:26.642","60.555198023238610006","1682","422461440","48"
"06/02/2026 13:59:31.659","85.989877181929571748","1628","422461440","48"
"06/02/2026 13:59:36.645","78.027439065295610021","1601","422461440","48"
"06/02/2026 13:59:41.642","51.908378125302135686","1607","422461440","48"
"06/02/2026 13:59:46.642","61.539965295508089582","1571","422461440","48"
"06/02/2026 13:59:51.652","48.355940935780076018","1573","422461440","48"
"06/02/2026 13:59:56.660","71.781452974854104809","1588","422461440","48"
"06/02/2026 14:00:01.653","64.462988110992213819","1585","422461440","48"
"06/02/2026 14:00:06.650","37.834435649100633725","1602","422461440","48"
"06/02/2026 14:00:11.651","41.554607948858354405","1558","422461440","48"
"06/02/2026 14:00:16.635","28.526467777174097762","1599","422461440","48"
"06/02/2026 14:00:21.654","65.070216255390363358","1563","422461440","48"
"06/02/2026 14:00:26.635","62.40034257650104621","1591","422461440","48"
"06/02/2026 14:00:31.655","42.657340748202933867","1631","422461440","48"
"06/02/2026 14:00:36.652","65.043226427419128299","1647","422461440","48"
"06/02/2026 14:00:41.654","82.458965120597383702","1642","422461440","48"
"06/02/2026 14:00:46.643","74.852252802508431273","1640","422461440","48"
"06/02/2026 14:00:51.647","60.578585899055859443","1621","422461440","48"
"06/02/2026 14:00:56.645","49.070901919826717119","1661","422461440","48"
"06/02/2026 14:01:01.662","42.678131317796427879","1658","422461440","48"
"06/02/2026 14:01:06.665","54.018096044689343671","1629","422461440","48"
"06/02/2026 14:01:11.646","73.694716669591869618","1585","422461440","48"
"06/02/2026 14:01:16.651","94.953476594607707284","1576","422461440","48"
"06/02/2026 14:01:21.653","41.53937419959559918","1598","422461440","48"
"06/02/2026 14:01:26.648","60.013650704989352391","1632","422461440","48"
"06/02/2026 14:01:31.646","85.418276868977926597","1612","422461440","48"
"06/02/2026 14:01:36.645","69.712689983398604454","1605","422461440","48"
"06/02/2026 14:01:41.652","61.147570481734639714","1619","422461440","48"
"06/02/2026 14:01:46.639","73.008690413051752444","1594","422461440","48"
"06/02/2026 14:01:51.646","74.576552462900949081","1603","422461440","48"
"06/02/2026 14:01:56.644","70.036318033079240308","1583","422461440","48"
"06/02/2026 14:02:01.662","58.236365570048789664","1571","422461440","48"
"06/02/2026 14:02:06.653","50.714270301440812716","1589","422461440","48"
"06/02/2026 14:02:11.651","73.45212725662187836","1585","422461440","48"
"06/02/2026 14:02:16.647","75.372046931958124105","1603","422461440","48"
"06/02/2026 14:02:21.657","52.406392749398875708","1595","422461440","48"
"06/02/2026 14:02:26.645","56.684513415126062341","1636","422461440","48"
"06/02/2026 14:02:31.657","47.338696232908141326","1557","422461440","48"
"06/02/2026 14:02:36.656","92.867709853507903972","1602","422461440","48"
"06/02/2026 14:02:41.645","76.480777687440749446","1617","422461440","48"
"06/02/2026 14:02:46.653","79.560262454666755616","1567","422461440","48"
"06/02/2026 14:02:51.647","60.07086199163982343","1587","422461440","48"
"06/02/2026 14:02:56.642","73.820977393344151096","1589","422461440","48"
"06/02/2026 14:03:01.653","77.959258616181998036","1519","422461440","48"
"06/02/2026 14:03:06.648","60.375115031799474252","1531","422461440","48"
"06/02/2026 14:03:11.638","76.699376172730325152","1544","422461440","48"
"06/02/2026 14:03:16.645","74.268355098180322216","1571","422461440","48"
"06/02/2026 14:03:21.639","79.791230195078213683","1536","422461440","48"
"06/02/2026 14:03:26.646","40.574513943790016413","1586","422461440","48"
"06/02/2026 14:03:31.654","53.973540810036901405","1595","422461440","48"
"06/02/2026 14:03:36.636","53.000717206959699013","1586","422461440","48"
"06/02/2026 14:03:41.645","57.712899078769865469","1615","422461440","48"
"06/02/2026 14:03:46.641","76.925710967183789535","1605","422461440","48"
"06/02/2026 14:03:51.656","81.946985597272004043","1590","422461440","48"
"06/02/2026 14:03:56.647","69.805455863208536016","1646","422461440","48"
"06/02/2026 14:04:01.669","54.755675794152423919","1577","422461440","48"
"06/02/2026 14:04:06.655","60.169064240083066863","1614","422461440","48"
"06/02/2026 14:04:11.653","70.026374733779732651","1574","422461440","48"
"06/02/2026 14:04:16.649","47.236530574005200833","1547","422461440","48"
"06/02/2026 14:04:21.655","57.73378690960318238","1567","422461440","48"
"06/02/2026 14:04:26.655","64.68365002915025741","1575","422461440","48"
"06/02/2026 14:04:31.647","54.789648725290454934","1612","422461440","48"
"06/02/2026 14:04:36.655","68.933375379905868385","1568","422461440","48"
"06/02/2026 14:04:41.642","53.535126656971655734","1533","422461440","48"
"06/02/2026 14:04:46.649","59.981369786544306066","1559","422461440","48"
"06/02/2026 14:04:51.660","60.487289797064811125","1579","422461440","48"
"06/02/2026 14:04:56.644","52.668226528991723967","1529","422461440","48"
"06/02/2026 14:05:01.644","39.375311852469877749","1224","422461440","48"
"06/02/2026 14:05:06.647","30.294712156810003734","876","422461440","48"
"06/02/2026 14:05:11.656","22.142098070747891825","907","422461440","48"
"06/02/2026 14:05:16.690","26.391250343471256201","970","422461440","48"
"06/02/2026 14:05:21.635","13.585897673414898179","1000","422461440","48"
"06/02/2026 14:05:26.658","20.839512196860120241","1066","422461440","48"
"06/02/2026 14:05:31.653","30.346192163311236811","1089","422461440","48"
"06/02/2026 14:05:36.646","28.788926082734988654","1133","422461440","48"
"06/02/2026 14:05:41.657","26.194028076924663395","1207","422461440","48"
"06/02/2026 14:05:46.653","18.449371801767000534","1270","422461440","48"
"06/02/2026 14:05:51.685","40.373824746533877317","1289","422461440","48"
"06/02/2026 14:05:56.651","34.609066655240049215","1320","422461440","48"
"06/02/2026 14:06:01.657","37.743979579471428565","1476","422461440","48"
"06/02/2026 14:06:06.646","37.918168075703285069","1511","422461440","48"
"06/02/2026 14:06:11.643","39.710749055141825181","1572","422461440","48"
"06/02/2026 14:06:16.656","48.005130229713799395","1541","422461440","48"
"06/02/2026 14:06:21.645","46.971910567005423331","1628","422461440","48"
"06/02/2026 14:06:26.649","37.160450165115811672","1598","422461440","48"
"06/02/2026 14:06:31.661","46.762178761788582904","1586","422461440","48"
"06/02/2026 14:06:36.648","49.499689718400652794","1616","422461440","48"
"06/02/2026 14:06:41.657","57.089489905519997137","1659","422461440","48"
"06/02/2026 14:06:46.657","53.440282101086175714","1662","422461440","48"
"06/02/2026 14:06:51.640","25.398093607304101482","1658","422461440","48"
"06/02/2026 14:06:56.647","46.176943457755484701","1638","422461440","48"
"06/02/2026 14:07:01.650","59.139273025129746486","1645","422461440","48"
"06/02/2026 14:07:06.658","41.855573563201005527","1678","422461440","48"
"06/02/2026 14:07:11.641","56.448466032755241883","1705","422461440","48"
"06/02/2026 14:07:16.643","48.733989909634885862","1688","422461440","48"
"06/02/2026 14:07:21.651","55.225734847980334052","1657","422461440","48"
"06/02/2026 14:07:26.644","44.114502175164084008","1666","422461440","48"
"06/02/2026 14:07:31.644","47.823713704389405166","1650","422461440","48"
"06/02/2026 14:07:36.653","45.234148122670795544","1697","422461440","48"
"06/02/2026 14:07:41.644","37.877431766179491035","1675","422461440","48"
"06/02/2026 14:07:46.647","37.48119943036572721","1679","422461440","48"
"06/02/2026 14:07:51.649","38.717806917903899944","1658","422461440","48"
"06/02/2026 14:07:56.645","22.525745575648230101","1616","422461440","48"
"06/02/2026 14:08:01.655","29.62838426258392488","1613","422461440","48"
"06/02/2026 14:08:06.648","34.736623838700211309","1591","422461440","48"
"06/02/2026 14:08:11.652","27.473186170297793751","1609","422461440","48"
"06/02/2026 14:08:16.646","35.041734004364514021","1580","422461440","48"
"06/02/2026 14:08:21.656","52.087965107476122739","1619","422461440","48"
"06/02/2026 14:08:26.652","35.026693843378033932","1574","422461440","48"
"06/02/2026 14:08:31.646","40.050062578222778598","1573","422461440","48"
"06/02/2026 14:08:36.654","25.587934341829800644","1563","422461440","48"
"06/02/2026 14:08:41.636","33.554733528000127762","1595","422461440","48"
"06/02/2026 14:08:46.638","33.737132657604391284","1562","422461440","48"
"06/02/2026 14:08:51.646","48.351129410511418882","1631","422461440","48"
"06/02/2026 14:08:56.653","31.525778143103348583","1627","422461440","48"
"06/02/2026 14:09:01.648","22.830752273212343795","1571","422461440","48"
"06/02/2026 14:09:06.649","40.612182795109866618","1622","422461440","48"
"06/02/2026 14:09:11.649","46.258682754753067456","1634","422461440","48"
"06/02/2026 14:09:16.653","43.710698836462157146","1596","422461440","48"
"06/02/2026 14:09:21.645","25.984606453655572977","1634","422461440","48"
"06/02/2026 14:09:26.646","40.921224810468380895","1586","422461440","48"
"06/02/2026 14:09:31.643","41.586844939027308499","1574","422461440","48"
"06/02/2026 14:09:36.655","45.215464899398000398","1609","422461440","48"
"06/02/2026 14:09:41.637","42.651089779500289012","1583","422461440","48"
"06/02/2026 14:09:46.642","35.27960177134821862","1583","422461440","48"
"06/02/2026 14:09:51.641","43.441898057759367191","1587","422461440","48"
"06/02/2026 14:09:56.654","46.124337931253336365","1587","422461440","48"
"06/02/2026 14:10:01.647","52.896387322727363767","1570","422461440","48"
"06/02/2026 14:10:06.654","22.776429879057729977","1562","422461440","48"
"06/02/2026 14:10:11.637","26.337509535934284344","1545","422461440","48"
"06/02/2026 14:10:16.635","30.645460135004533697","1532","422461440","48"
"06/02/2026 14:10:21.657","55.056073036468269777","1525","422461440","48"
"06/02/2026 14:10:26.643","36.978887747660522223","1531","422461440","48"
"06/02/2026 14:10:31.653","44.29625277958362517","1567","422461440","48"
"06/02/2026 14:10:36.648","35.01217723524241876","1533","422461440","48"
"06/02/2026 14:10:41.645","53.81701725524761315","1543","422461440","48"
"06/02/2026 14:10:46.647","32.175479240955581872","1522","422461440","48"
"06/02/2026 14:10:51.658","60.803459988524501512","1587","422461440","48"
"06/02/2026 14:10:56.654","49.407823593526124739","1608","422461440","48"
"06/02/2026 14:11:01.654","56.869819159474573667","1624","422461440","48"
"06/02/2026 14:11:06.655","54.059941883550067132","1600","422461440","48"
"06/02/2026 14:11:11.645","60.430893789877373479","1639","422461440","48"
"06/02/2026 14:11:16.643","52.528424180892763218","1628","422461440","48"
"06/02/2026 14:11:21.655","56.415455372190606909","1631","422461440","48"
"06/02/2026 14:11:26.642","54.522303999160612875","1635","422461440","48"
"06/02/2026 14:11:31.653","57.370877660484651983","1667","422535168","48"
"06/02/2026 14:11:36.651","62.216812829196342705","1650","422535168","48"
"06/02/2026 14:11:41.653","69.032128624690287211","1649","422535168","48"
"06/02/2026 14:11:46.650","61.277020715054511868","1611","422535168","48"
"06/02/2026 14:11:51.661","50.523641491385639313","1653","422535168","48"
"06/02/2026 14:11:56.654","50.074109682329847715","1637","422535168","48"
"06/02/2026 14:12:01.638","82.369989063370113058","1608","422535168","48"
"06/02/2026 14:12:06.645","42.788151830082611582","1658","422535168","48"
"06/02/2026 14:12:11.658","67.627071978799889962","1643","422535168","48"
"06/02/2026 14:12:16.648","68.260929353840893441","1608","422535168","48"
"06/02/2026 14:12:21.657","45.243571418943240303","1653","422535168","48"
"06/02/2026 14:12:26.647","61.965465862230907135","1636","422535168","48"
"06/02/2026 14:12:31.653","71.182757919558866888","1643","422535168","48"
"06/02/2026 14:12:36.639","84.263416003851261848","1645","422535168","48"
"06/02/2026 14:12:41.663","68.460685144579016992","1640","422535168","48"
"06/02/2026 14:12:46.640","66.249842834022132365","1593","422535168","48"
"06/02/2026 14:12:51.649","86.719787190490720263","1629","422535168","48"
"06/02/2026 14:12:56.656","67.703240510464212321","1620","422535168","48"
"06/02/2026 14:13:01.653","71.541106347557828826","1625","422535168","48"
"06/02/2026 14:13:06.654","70.055597523306445851","1591","422535168","48"
"06/02/2026 14:13:11.656","49.972002685775265718","1609","422535168","48"
"06/02/2026 14:13:16.654","53.760275739104770309","1635","422535168","48"
"06/02/2026 14:13:21.651","49.735822330259630064","1607","422535168","48"
"06/02/2026 14:13:26.641","41.338936588175798192","1641","422535168","48"
"06/02/2026 14:13:31.648","57.090000555251727121","1634","422535168","48"
"06/02/2026 14:13:36.645","70.005523435799091203","1617","422535168","48"
"06/02/2026 14:13:41.639","41.64608035157918664","1648","422535168","48"
"06/02/2026 14:13:46.644","61.81420819880479911","1587","422535168","48"
"06/02/2026 14:13:51.644","61.249475704487963412","1646","422535168","48"
"06/02/2026 14:13:56.655","47.997172011611795028","1622","422535168","48"
"06/02/2026 14:14:01.644","61.098767753534744429","1617","422535168","48"
"06/02/2026 14:14:06.655","55.179534978153846225","1586","422535168","48"
"06/02/2026 14:14:11.651","51.92415452011801591","1619","422535168","48"
"06/02/2026 14:14:16.644","45.692745892770460614","1590","422535168","48"
"06/02/2026 14:14:21.642","59.713451466007128943","1559","422535168","48"
"06/02/2026 14:14:26.647","44.017208053601166284","1590","422535168","48"
"06/02/2026 14:14:31.648","27.177956188904705215","1587","422535168","48"
"06/02/2026 14:14:36.648","38.753528121200154999","1583","422535168","48"
"06/02/2026 14:14:41.656","55.219959079377233024","1563","422535168","48"
"06/02/2026 14:14:46.656","29.682207068835488428","1563","422535168","48"
"06/02/2026 14:14:51.652","33.158120320062899111","1574","422535168","48"
"06/02/2026 14:14:56.650","48.445617547676292247","1523","422535168","48"
"06/02/2026 14:15:01.658","31.83267209591405944","1558","422535168","48"
"06/02/2026 14:15:06.640","32.612963478377864135","1571","422535168","48"
"06/02/2026 14:15:11.653","23.06959191552912003","1452","422535168","48"
"06/02/2026 14:15:16.642","18.787913633955046322","1065","422535168","48"
"06/02/2026 14:15:21.641","24.381289397412956532","947","422535168","48"
"06/02/2026 14:15:26.659","14.94836952752150161","895","422535168","48"
"06/02/2026 14:15:31.649","20.664048439054312212","918","422535168","48"
"06/02/2026 14:15:36.651","13.744834965916508551","981","422535168","48"
"06/02/2026 14:15:41.659","17.785697665046683369","1005","422535168","48"
"06/02/2026 14:15:46.649","21.916580574998498321","1091","422535168","48"
"06/02/2026 14:15:51.660","19.952694157422168786","1152","422535168","48"
"06/02/2026 14:15:56.654","29.415737266225249869","1255","422535168","48"
"06/02/2026 14:16:01.644","24.110695834331078657","1338","422535168","48"
"06/02/2026 14:16:06.654","34.923876426553043473","1435","422535168","48"
"06/02/2026 14:16:11.648","30.982380456681941183","1569","422535168","48"
"06/02/2026 14:16:16.657","33.376435141793272976","1586","422535168","48"
"06/02/2026 14:16:21.638","35.13413016335945116","1582","422535168","48"
"06/02/2026 14:16:26.639","33.429752320602176496","1555","422535168","48"
"06/02/2026 14:16:31.637","30.95124420950367039","1553","422535168","48"
"06/02/2026 14:16:36.666","46.296229090236664661","1577","422535168","48"
"06/02/2026 14:16:41.637","23.258731191908740499","1603","422535168","48"
"06/02/2026 14:16:46.636","41.569902768284975991","1592","422535168","48"
"06/02/2026 14:16:51.650","48.613011450513141654","1570","422535168","48"
"06/02/2026 14:16:56.656","43.699486016134507338","1567","422535168","48"
"06/02/2026 14:17:01.647","45.078097804446201735","1561","422535168","48"
"06/02/2026 14:17:06.648","60.923896912297422546","1582","422535168","48"
"06/02/2026 14:17:11.647","25.940824576077670116","1589","422535168","48"
"06/02/2026 14:17:16.651","56.781155513037383287","1582","422535168","48"
"06/02/2026 14:17:21.645","48.230241280288069561","1519","422535168","48"
"06/02/2026 14:17:26.652","46.804785333234491418","1569","422535168","48"
"06/02/2026 14:17:31.646","54.753337603267674183","1556","422535168","48"
"06/02/2026 14:17:36.653","56.178942626208659306","1549","422535168","48"
"06/02/2026 14:17:41.640","62.019745403006268702","1571","422535168","48"
"06/02/2026 14:17:46.654","44.883066147765227072","1581","422535168","48"
"06/02/2026 14:17:51.644","37.568740275456811162","1536","422535168","48"
"06/02/2026 14:17:56.663","56.348808413852147225","1592","422535168","48"
"06/02/2026 14:18:01.644","43.297628510825234116","1563","422535168","48"
"06/02/2026 14:18:06.655","65.170453176846677934","1593","422535168","48"
"06/02/2026 14:18:11.650","73.200191236438072906","1569","422535168","48"
"06/02/2026 14:18:16.656","60.236735438899657424","1580","422535168","48"
"06/02/2026 14:18:21.647","48.840728490873786427","1599","422535168","48"
"06/02/2026 14:18:26.645","45.01718846289890763","1587","422535168","48"
"06/02/2026 14:18:31.642","69.019213909804321361","1590","422535168","48"
"06/02/2026 14:18:36.643","67.248318033863469623","1583","422535168","48"
"06/02/2026 14:18:41.642","52.805383946459372169","1565","422535168","48"
"06/02/2026 14:18:46.649","65.567144862716034481","1579","422535168","48"
"06/02/2026 14:18:51.652","39.654932197285013729","1530","422535168","48"
"06/02/2026 14:18:56.643","39.139999547504025657","1578","422535168","48"
"06/02/2026 14:19:01.653","36.800841152959023361","1631","422535168","48"
"06/02/2026 14:19:06.646","66.032909630466875228","1573","422535168","48"
"06/02/2026 14:19:11.649","55.584511130402390222","1549","422535168","48"
"06/02/2026 14:19:16.655","46.819994933552166572","1569","422535168","48"
"06/02/2026 14:19:21.642","48.560158103353259662","1568","422535168","48"
"06/02/2026 14:19:26.644","53.732475690378343813","1581","422535168","48"
"06/02/2026 14:19:31.649","70.868332507472715065","1579","422535168","48"
"06/02/2026 14:19:36.657","32.75672185402696357","1568","422535168","48"
"06/02/2026 14:19:41.650","31.612561652633107911","1552","422535168","48"
"06/02/2026 14:19:46.652","61.215167345477070171","1534","422535168","48"
"06/02/2026 14:19:51.642","25.677006208374443474","1547","422535168","48"
"06/02/2026 14:19:56.639","61.601587439261962231","1518","422535168","48"
"06/02/2026 14:20:01.645","39.954357739892252255","1525","422535168","48"
"06/02/2026 14:20:06.661","33.939224590872051124","1547","422535168","48"
"06/02/2026 14:20:11.652","46.354751540436048174","1522","422535168","48"
"06/02/2026 14:20:16.648","35.643381291732147531","1574","422535168","48"
"06/02/2026 14:20:21.641","40.061378839747952441","1545","422535168","48"
"06/02/2026 14:20:26.652","51.769777926364668019","1555","422535168","48"
"06/02/2026 14:20:31.651","46.566097696708048659","1570","422535168","48"
"06/02/2026 14:20:36.649","31.88969732370254917","1572","422535168","48"
"06/02/2026 14:20:41.654","53.699892630186774056","1617","422535168","48"
"06/02/2026 14:20:46.646","33.795844739305763937","1619","422535168","48"
"06/02/2026 14:20:51.644","37.204800976550117753","1635","422535168","48"
"06/02/2026 14:20:56.644","39.342979535815395309","1606","422535168","48"
"06/02/2026 14:21:01.647","36.887980142452526877","1681","422535168","48"
"06/02/2026 14:21:06.657","44.912269271450533381","1608","422535168","48"
"06/02/2026 14:21:11.654","45.925921156757958386","1618","422535168","48"
"06/02/2026 14:21:16.655","52.831000359705960534","1619","422535168","48"
"06/02/2026 14:21:21.647","46.313507860789187021","1660","422535168","48"
"06/02/2026 14:21:26.642","56.319932460135746055","1644","422535168","48"
"06/02/2026 14:21:31.641","50.329502312471198877","1635","422535168","48"
"06/02/2026 14:21:36.649","56.166665518370393784","1624","422535168","48"
"06/02/2026 14:21:41.647","44.080186734125199166","1617","422535168","48"
"06/02/2026 14:21:46.644","54.093282323238867093","1626","422535168","48"
"06/02/2026 14:21:51.652","55.834162132724749483","1602","422535168","48"
"06/02/2026 14:21:56.645","73.862640526803374996","1579","422535168","48"
"06/02/2026 14:22:01.658","42.034393923572778817","1607","422535168","48"
"06/02/2026 14:22:06.645","59.285016825050128375","1560","422535168","48"
"06/02/2026 14:22:11.653","52.414526583210232502","1556","422535168","48"
"06/02/2026 14:22:16.652","55.953720983713175485","1601","422535168","48"
"06/02/2026 14:22:21.649","40.327649484805462521","1599","422535168","48"
"06/02/2026 14:22:26.649","58.121624296060879544","1561","422535168","48"
"06/02/2026 14:22:31.651","44.366150727575877966","1544","422535168","48"
"06/02/2026 14:22:36.649","64.088541738049841001","1594","422535168","48"
"06/02/2026 14:22:41.662","33.653372417911349146","1582","422535168","48"
"06/02/2026 14:22:46.645","70.558546117336689463","1577","422535168","48"
"06/02/2026 14:22:51.657","57.378361316710254414","1569","422535168","48"
"06/02/2026 14:22:56.648","48.518207126462442602","1562","422535168","48"
"06/02/2026 14:23:01.641","67.264705083200396984","1601","422535168","48"
"06/02/2026 14:23:06.651","29.014148501804715607","1614","422535168","48"
"06/02/2026 14:23:11.639","64.212437325403556088","1623","422535168","48"
"06/02/2026 14:23:16.639","30.935904326054863844","1583","422535168","48"
"06/02/2026 14:23:21.644","44.960617196972485488","1589","422535168","48"
"06/02/2026 14:23:26.643","49.69411130456796144","1573","422535168","48"
"06/02/2026 14:23:31.652","52.096918046653918566","1590","422535168","48"
"06/02/2026 14:23:36.640","62.959790652644421982","1562","422535168","48"
"06/02/2026 14:23:41.647","37.13723623624369452","1565","422535168","48"
"06/02/2026 14:23:46.662","77.741498080309909824","1565","422535168","48"
"06/02/2026 14:23:51.654","55.18318388991360024","1549","422535168","48"
"06/02/2026 14:23:56.647","64.472930513073521297","1581","422535168","48"
"06/02/2026 14:24:01.647","54.355102771079621959","1547","422535168","48"
"06/02/2026 14:24:06.645","53.481546331928051075","1563","422535168","48"
"06/02/2026 14:24:11.643","59.703549508178788585","1560","422535168","48"
"06/02/2026 14:24:16.652","47.103174013753616123","1540","422535168","48"
"06/02/2026 14:24:21.645","35.054168505508194187","1515","422535168","48"
"06/02/2026 14:24:26.645","49.996414257169476514","1570","422535168","48"
"06/02/2026 14:24:31.659","52.027529913225208702","1569","422535168","48"
"06/02/2026 14:24:36.658","49.087857805585208837","1532","422535168","48"
"06/02/2026 14:24:41.654","45.655443963143504504","1495","422535168","48"
"06/02/2026 14:24:46.653","36.26517479974320679","1546","422535168","48"
"06/02/2026 14:24:51.648","47.543794490857308688","1527","422535168","48"
"06/02/2026 14:24:56.647","41.260362127344663463","1526","422535168","48"
"06/02/2026 14:25:01.656","67.661891395941779592","1541","422535168","48"
"06/02/2026 14:25:06.648","32.871730255878858884","1550","422535168","48"
"06/02/2026 14:25:11.659","53.950491227143679396","1529","422535168","48"
"06/02/2026 14:25:16.651","35.048474844588049848","1546","422535168","48"
"06/02/2026 14:25:21.643","36.321052696126272963","1540","422535168","48"
"06/02/2026 14:25:26.644","50.92639702692019199","1539","422535168","48"
"06/02/2026 14:25:31.644","52.179727307820222393","1534","422535168","48"
"06/02/2026 14:25:36.652","36.158239067224762664","1509","422535168","48"
"06/02/2026 14:25:41.650","54.766155152029348585","1571","422535168","48"
"06/02/2026 14:25:46.653","52.467308669314327574","1519","422535168","48"
"06/02/2026 14:25:51.643","42.89937380591941718","1536","422535168","48"
"06/02/2026 14:25:56.640","60.351580062153445283","1536","422535168","48"
"06/02/2026 14:26:01.651","42.370765774725818176","1589","422535168","48"
"06/02/2026 14:26:06.646","37.568847166563557494","1564","422535168","48"
"06/02/2026 14:26:11.654","65.824959067482325281","1592","422535168","48"
"06/02/2026 14:26:16.644","38.518113018010872395","1604","422535168","48"
"06/02/2026 14:26:21.648","49.02030724115139293","1587","422535168","48"
"06/02/2026 14:26:26.637","57.627264049927859446","1584","422535168","48"
"06/02/2026 14:26:31.647","31.812503065228238341","1580","422535168","48"
"06/02/2026 14:26:36.647","58.433752059142932467","1552","422535168","48"
"06/02/2026 14:26:41.638","49.468290269888370858","1605","422535168","48"
"06/02/2026 14:26:46.648","46.781621077432177458","1636","422535168","48"
"06/02/2026 14:26:51.643","65.067236578245768897","1603","422535168","48"
"06/02/2026 14:26:56.647","42.464298565623934678","1606","422535168","48"
"06/02/2026 14:27:01.654","39.944923938873081681","1600","422535168","48"
"06/02/2026 14:27:06.638","42.944256414219339035","1625","422535168","48"
"06/02/2026 14:27:11.639","38.42944518828853262","1636","422535168","48"
"06/02/2026 14:27:16.646","45.557754931411039934","1629","422535168","48"
"06/02/2026 14:27:21.653","49.314631001313429692","1649","422535168","48"
"06/02/2026 14:27:26.640","40.719775276957115295","1636","422535168","48"
"06/02/2026 14:27:31.646","31.837665243475587573","1646","422535168","48"
"06/02/2026 14:27:36.641","56.613870293627030605","1626","422535168","48"
"06/02/2026 14:27:41.655","33.981673230953248321","1627","422535168","48"
"06/02/2026 14:27:46.650","56.912934747526612966","1623","422535168","48"
"06/02/2026 14:27:51.645","57.257624557948602728","1631","422535168","48"
"06/02/2026 14:27:56.652","57.421829366809781448","1639","422535168","48"
"06/02/2026 14:28:01.647","59.439159817890626414","1624","422535168","48"
"06/02/2026 14:28:06.669","44.800672846371917046","1655","422535168","48"
"06/02/2026 14:28:11.640","61.603446075652293246","1640","422535168","48"
"06/02/2026 14:28:16.655","36.144402681789046028","1630","422535168","48"
"06/02/2026 14:28:21.655","62.490843841560341332","1660","422535168","48"
"06/02/2026 14:28:26.655","43.124817150775278662","1597","422535168","48"
"06/02/2026 14:28:31.650","42.235334895596054139","1607","422535168","48"
"06/02/2026 14:28:36.663","44.257810628393286834","1609","422535168","48"
"06/02/2026 14:28:41.641","36.411176987830792484","1605","422535168","48"
"06/02/2026 14:28:46.645","37.154635238945743936","1606","422535168","48"
"06/02/2026 14:28:51.646","63.734950903392693533","1605","422535168","48"
"06/02/2026 14:28:56.649","38.101008556931873272","1600","422535168","48"
"06/02/2026 14:29:01.642","59.463669845927455526","1575","422535168","48"
"06/02/2026 14:29:06.645","34.977426268634751239","1591","422535168","48"
"06/02/2026 14:29:11.653","56.784462852428085","1598","422535168","48"
"06/02/2026 14:29:16.643","48.221548219413946867","1563","422535168","48"
"06/02/2026 14:29:21.660","43.282469983364187271","1609","422535168","48"
"06/02/2026 14:29:26.638","45.840165485559431602","1592","422535168","48"
"06/02/2026 14:29:31.639","39.362688138404067217","1590","422535168","48"
"06/02/2026 14:29:36.647","42.115005755991980152","1646","422535168","48"
"06/02/2026 14:29:41.643","41.560972218661241584","1573","422535168","48"
"06/02/2026 14:29:46.635","58.904599834633984301","1620","422535168","48"
"06/02/2026 14:29:51.663","28.591102091018953502","1636","422535168","48"
"06/02/2026 14:29:56.657","44.427455496704958193","1595","422535168","48"
"06/02/2026 14:30:01.653","43.788249035532537334","1636","422535168","48"
"06/02/2026 14:30:06.643","33.499878784289073508","1639","422535168","48"
"06/02/2026 14:30:11.651","36.504589848755728099","1607","422535168","48"
"06/02/2026 14:30:16.661","32.114717131975119457","1627","422535168","48"
"06/02/2026 14:30:21.640","59.959002758752014017","1606","422535168","48"
"06/02/2026 14:30:26.652","48.318183078705445155","1587","422535168","48"
"06/02/2026 14:30:31.647","55.684299324036160783","1583","422535168","48"
"06/02/2026 14:30:36.658","66.035204648431857777","1590","422535168","48"
"06/02/2026 14:30:41.636","54.023116023983895673","1572","422535168","48"
"06/02/2026 14:30:46.644","39.635536226585500685","1585","422535168","48"
"06/02/2026 14:30:51.658","79.781158686100852151","1547","422535168","48"
"06/02/2026 14:30:56.653","28.78026244596193095","1607","422535168","48"
"06/02/2026 14:31:01.639","47.949233953511189554","1602","422535168","48"
"06/02/2026 14:31:06.651","62.01663796075433055","1571","422535168","48"
"06/02/2026 14:31:11.646","55.387074264531257484","1558","422535168","48"
"06/02/2026 14:31:16.655","51.464273229543167076","1594","422535168","48"
"06/02/2026 14:31:21.645","46.311157588488207182","1547","422535168","48"
"06/02/2026 14:31:26.643","35.664634821970352618","1588","422535168","48"
"06/02/2026 14:31:31.647","52.141173610070921995","1593","422535168","48"
"06/02/2026 14:31:36.650","45.291219467620940975","1587","422535168","48"
"06/02/2026 14:31:41.655","55.882268201400464136","1547","422535168","48"
"06/02/2026 14:31:46.661","38.389710952218244699","1546","422535168","48"
"06/02/2026 14:31:51.657","56.612528491427873689","1570","422535168","48"
"06/02/2026 14:31:56.643","62.985953237463455423","1550","422535168","48"
"06/02/2026 14:32:01.650","36.512207355344600046","1555","422535168","48"
"06/02/2026 14:32:06.659","54.587857508418437646","1557","422535168","48"
"06/02/2026 14:32:11.646","57.33251226993458971","1520","422535168","48"
"06/02/2026 14:32:16.649","50.888835007082718676","1578","422535168","48"
"06/02/2026 14:32:21.660","46.170954402643587855","1570","422535168","48"
"06/02/2026 14:32:26.659","55.319556562635128216","1547","422535168","48"
"06/02/2026 14:32:31.644","62.063249005618857268","1574","422535168","48"
"06/02/2026 14:32:36.651","66.778566407821799089","1567","422535168","48"
"06/02/2026 14:32:41.645","55.693020113185035314","1580","422535168","48"
"06/02/2026 14:32:46.637","55.082256536976927919","1601","422535168","48"
"06/02/2026 14:32:51.642","47.457713279159733588","1574","422535168","48"
"06/02/2026 14:32:56.654","50.500358046291623282","1570","422535168","48"
"06/02/2026 14:33:01.645","57.918769358018096227","1599","422535168","48"
"06/02/2026 14:33:06.652","42.130818881509576102","1597","422535168","48"
"06/02/2026 14:33:11.656","49.01560676900409419","1594","422535168","48"
"06/02/2026 14:33:16.655","61.894897971799977654","1601","422535168","48"
"06/02/2026 14:33:21.647","38.499950770144252488","1573","422535168","48"
"06/02/2026 14:33:26.648","60.297494365552182671","1615","422535168","48"
"06/02/2026 14:33:31.638","64.176139256827639201","1613","422535168","48"
"06/02/2026 14:33:36.644","43.703942163511563024","1582","422535168","48"
"06/02/2026 14:33:41.643","53.142863442117437955","1610","422535168","48"
"06/02/2026 14:33:46.657","69.48084312828353859","1598","422535168","48"
"06/02/2026 14:33:51.644","35.410935317996965921","1603","422535168","48"
"06/02/2026 14:33:56.657","62.018702457148336293","1618","422535168","48"
"06/02/2026 14:34:01.647","61.021062242635061068","1550","422535168","48"
"06/02/2026 14:34:06.639","51.373080654092682096","1597","422535168","48"
"06/02/2026 14:34:11.650","73.583859418849741019","1619","422535168","48"
"06/02/2026 14:34:16.654","63.692951497202990652","1599","422535168","48"
"06/02/2026 14:34:21.653","50.000994019761115794","1576","422535168","48"
"06/02/2026 14:34:26.656","64.97713194818214788","1564","422535168","48"
"06/02/2026 14:34:31.651","55.051338676396056826","1531","422572032","48"
"06/02/2026 14:34:36.644","55.389855256256680605","1563","422572032","48"
"06/02/2026 14:34:41.656","68.272448624552197316","1557","422572032","48"
"06/02/2026 14:34:46.648","66.65831065623864049","1561","422572032","48"
"06/02/2026 14:34:51.651","64.662582920297495548","1589","422572032","48"
"06/02/2026 14:34:56.649","61.527287933115879071","1590","422572032","48"
"06/02/2026 14:35:01.646","67.901223813107634442","1566","422572032","48"
"06/02/2026 14:35:06.640","64.159434640231850722","1552","422572032","48"
"06/02/2026 14:35:11.651","68.581513053620639653","1623","422572032","48"
"06/02/2026 14:35:16.656","43.088709826809662218","1625","422572032","48"
"06/02/2026 14:35:21.649","51.642454914396665799","1591","422572032","48"
"06/02/2026 14:35:26.660","73.258985434652259983","1607","422649856","48"
"06/02/2026 14:35:31.655","69.149602221950814851","1565","422649856","48"
"06/02/2026 14:35:36.642","68.919099903523289186","1617","422649856","48"
"06/02/2026 14:35:41.649","53.987963138331949153","1611","422649856","48"
"06/02/2026 14:35:46.660","60.788958532488358344","1634","422649856","48"
"06/02/2026 14:35:51.638","83.204337514832090505","1632","422649856","48"
"06/02/2026 14:35:56.648","36.170001361189399347","1631","422649856","48"
"06/02/2026 14:36:01.649","70.935918129025722578","1611","422649856","48"
"06/02/2026 14:36:06.661","65.473472124523340199","1625","422649856","48"
"06/02/2026 14:36:11.645","61.129298063016555886","1639","422649856","48"
"06/02/2026 14:36:16.643","59.708040760182313988","1648","422649856","48"
"06/02/2026 14:36:21.659","43.611616850803052614","1671","422649856","48"
"06/02/2026 14:36:26.645","33.217192990457292012","1643","422649856","48"
"06/02/2026 14:36:31.657","63.29015419202554682","1661","422649856","48"
"06/02/2026 14:36:36.647","72.960630508909630976","1632","422649856","48"
"06/02/2026 14:36:41.652","59.924837474852040486","1647","422649856","48"
"06/02/2026 14:36:46.655","68.718103804937896939","1619","422649856","48"
"06/02/2026 14:36:51.658","58.407269565418332036","1654","422649856","48"
"06/02/2026 14:36:56.653","56.925045084135263096","1589","422649856","48"
"06/02/2026 14:37:01.651","55.08664592153922257","1603","422649856","48"
"06/02/2026 14:37:06.644","44.582680912699579778","1546","422649856","48"
"06/02/2026 14:37:11.647","45.587609954067872309","1604","422649856","48"
"06/02/2026 14:37:16.658","66.391627867357783543","1538","422649856","48"
"06/02/2026 14:37:21.652","63.235032751088859015","1576","422649856","48"
"06/02/2026 14:37:26.635","47.037887500625920723","1580","422649856","48"
"06/02/2026 14:37:31.651","37.999576318428815114","1554","422649856","48"
"06/02/2026 14:37:36.642","63.246374853052998333","1537","422649856","48"
"06/02/2026 14:37:41.641","33.442704353651514282","1528","422649856","48"
"06/02/2026 14:37:46.650","52.700059153789482025","1548","422649856","48"
"06/02/2026 14:37:51.654","44.337305309771743111","1501","422649856","48"
"06/02/2026 14:37:56.649","75.421805806282819162","1532","422649856","48"
"06/02/2026 14:38:01.656","61.472832038818260969","1543","422649856","48"
"06/02/2026 14:38:06.656","47.501922877838090642","1503","422649856","48"
"06/02/2026 14:38:11.639","74.934275053291003132","1521","422649856","48"
"06/02/2026 14:38:16.644","61.499614184511763426","1535","422649856","48"
"06/02/2026 14:38:21.647","54.968650279372667455","1557","422649856","48"
"06/02/2026 14:38:26.654","66.78448164926223285","1551","422649856","48"
"06/02/2026 14:38:31.654","58.117355243091331829","1556","422649856","48"
"06/02/2026 14:38:36.653","50.322994357243253205","1574","422649856","48"
"06/02/2026 14:38:41.648","57.879764389387474921","1596","422649856","48"
"06/02/2026 14:38:46.660","60.483504888663460974","1579","422649856","48"
"06/02/2026 14:38:51.662","76.214621172851565234","1614","422649856","48"
"06/02/2026 14:38:56.649","80.207371346173246707","1637","422649856","48"
"06/02/2026 14:39:01.651","62.165740747423583912","1638","422649856","48"
"06/02/2026 14:39:06.643","71.040763432910807751","1689","422649856","48"
"06/02/2026 14:39:11.653","61.445979988148465623","1628","422649856","48"
"06/02/2026 14:39:16.638","73.975877945719460627","1633","422649856","48"
"06/02/2026 14:39:21.645","65.533063664984396723","1677","422649856","48"
"06/02/2026 14:39:26.662","100.25315103748685885","1653","422649856","48"
"06/02/2026 14:39:31.649","57.658748372368741286","1672","422649856","48"
"06/02/2026 14:39:36.651","71.848217858311130612","1702","422649856","48"
"06/02/2026 14:39:41.661","43.355610789453095322","1658","422649856","48"
"06/02/2026 14:39:46.657","60.672878181630686356","1697","422649856","48"
"06/02/2026 14:39:51.647","53.540490487501756434","1699","422649856","48"
"06/02/2026 14:39:56.658","65.169534984323490789","1652","422649856","48"
"06/02/2026 14:40:01.643","66.454889728718200104","1641","422649856","48"
"06/02/2026 14:40:06.653","49.584248735488145599","1661","422649856","48"
"06/02/2026 14:40:11.635","49.240011225267309669","1653","422649856","48"
"06/02/2026 14:40:16.641","37.452605226190463839","1668","422649856","48"
"06/02/2026 14:40:21.648","67.704199009180925373","1625","422649856","48"
"06/02/2026 14:40:26.652","56.539182110513984014","1624","422649856","48"
"06/02/2026 14:40:31.645","47.877509039323776108","1599","422649856","48"
"06/02/2026 14:40:36.658","49.868578343376995576","1591","422649856","48"
"06/02/2026 14:40:41.655","63.479381156511813344","1604","422649856","48"
"06/02/2026 14:40:46.642","32.585122767909062702","1638","422649856","48"
"06/02/2026 14:40:51.645","40.287248758223320522","1583","422649856","48"
"06/02/2026 14:40:56.654","56.462941154380132502","1594","422649856","48"
"06/02/2026 14:41:01.638","38.242182460338618455","1544","422649856","48"
"06/02/2026 14:41:06.640","56.22538227862312965","1564","422649856","48"
"06/02/2026 14:41:11.643","50.913653063178266223","1581","422649856","48"
"06/02/2026 14:41:16.648","53.07414223394574293","1522","422649856","48"
"06/02/2026 14:41:21.647","52.509390779446995623","1547","422649856","48"
"06/02/2026 14:41:26.655","53.664136308623476168","1598","422649856","48"
"06/02/2026 14:41:31.650","49.105719908320111244","1579","422649856","48"
"06/02/2026 14:41:36.660","43.975592794982986788","1609","422649856","48"
"06/02/2026 14:41:41.644","54.849086505827905569","1565","422649856","48"
"06/02/2026 14:41:46.651","70.542673877877561495","1613","422649856","48"
"06/02/2026 14:41:51.655","31.227289017243535341","1622","422649856","48"
"06/02/2026 14:41:56.648","39.741923384721502543","1611","422649856","48"
"06/02/2026 14:42:01.656","53.347967173651802852","1637","422649856","48"
"06/02/2026 14:42:06.650","36.585532055850435995","1615","422649856","48"
"06/02/2026 14:42:11.651","54.358656526328793746","1608","422649856","48"
"06/02/2026 14:42:16.650","55.674462305801718287","1625","422649856","48"
"06/02/2026 14:42:21.658","46.477650401427155202","1621","422649856","48"
"06/02/2026 14:42:26.647","60.780142529409161511","1627","422649856","48"
"06/02/2026 14:42:31.647","62.177021928264650796","1614","422649856","48"
"06/02/2026 14:42:36.655","68.651531735001853463","1650","422649856","48"
"06/02/2026 14:42:41.649","53.815474058358361731","1616","422649856","48"
"06/02/2026 14:42:46.644","65.062437819077459267","1609","422649856","48"
"06/02/2026 14:42:51.652","48.975795211189918632","1589","422649856","48"
"06/02/2026 14:42:56.643","41.333435673250022546","1643","422649856","48"
"06/02/2026 14:43:01.647","43.090270965212880583","1597","422649856","48"
"06/02/2026 14:43:06.654","53.050771360712090541","1578","422649856","48"
"06/02/2026 14:43:11.650","54.409386732414887433","1665","422649856","48"
"06/02/2026 14:43:16.646","59.114355112304515671","1577","422649856","48"
"06/02/2026 14:43:21.649","56.533004470247696815","1582","422649856","48"
"06/02/2026 14:43:26.654","63.37541870734265359","1650","422649856","48"
"06/02/2026 14:43:31.642","70.160523067146257858","1612","422649856","48"
"06/02/2026 14:43:36.644","35.614549978745237979","1618","422649856","48"
"06/02/2026 14:43:41.651","79.88888893549074055","1614","422649856","48"
"06/02/2026 14:43:46.652","51.223736565787994834","1588","422649856","48"
"06/02/2026 14:43:51.651","63.147212663526516963","1584","422649856","48"
"06/02/2026 14:43:56.665","72.292717981440532071","1588","422649856","48"
"06/02/2026 14:44:01.646","55.845731370155164086","1595","422649856","48"
"06/02/2026 14:44:06.651","33.405052336463498364","1572","422649856","48"
"06/02/2026 14:44:11.654","51.834372219054699826","1579","422649856","48"
"06/02/2026 14:44:16.663","52.404609984629381358","1573","422649856","48"
"06/02/2026 14:44:21.651","67.977448638670708192","1571","422649856","48"
"06/02/2026 14:44:26.646","53.183942700015570892","1560","422649856","48"
"06/02/2026 14:44:31.650","52.445148667911198004","1572","422649856","48"
"06/02/2026 14:44:36.646","69.139023070734680232","1569","422649856","48"
"06/02/2026 14:44:41.663","57.918687842037876123","1591","422649856","48"
"06/02/2026 14:44:46.650","69.497795655143065119","1572","422649856","48"
"06/02/2026 14:44:51.658","61.839438612431528952","1556","422649856","48"
"06/02/2026 14:44:56.644","65.493193100035270504","1554","422649856","48"
"06/02/2026 14:45:01.650","43.996064183240740419","1589","422649856","48"
"06/02/2026 14:45:06.651","54.072042634084063195","1578","422649856","48"
"06/02/2026 14:45:11.661","34.925954183055587521","1555","422649856","48"
"06/02/2026 14:45:16.643","60.849703350544757541","1583","422649856","48"
"06/02/2026 14:45:21.643","59.053592356129001928","1608","422649856","48"
"06/02/2026 14:45:26.650","70.534976209863359031","1624","422649856","48"
"06/02/2026 14:45:31.659","58.94255308332648724","1647","422649856","48"
"06/02/2026 14:45:36.665","43.076692935008821905","1572","422649856","48"
"06/02/2026 14:45:41.654","49.179207176550669089","1608","422649856","48"
"06/02/2026 14:45:46.651","57.211975283026070827","1609","422649856","48"
"06/02/2026 14:45:51.651","71.876768168496937506","1592","422649856","48"
"06/02/2026 14:45:56.638","56.401839391826733561","1619","422649856","48"
"06/02/2026 14:46:01.638","61.247535399175532689","1579","422649856","48"
"06/02/2026 14:46:06.650","52.998424921727938397","1578","422649856","48"
"06/02/2026 14:46:11.648","56.584589492045900272","1532","422649856","48"
"06/02/2026 14:46:16.656","34.633781619357115744","1592","422649856","48"
"06/02/2026 14:46:21.660","54.01480816527855211","1544","422649856","48"
"06/02/2026 14:46:26.664","51.201374055059915236","1568","422649856","48"
"06/02/2026 14:46:31.649","51.418453022315468104","1491","422649856","48"
"06/02/2026 14:46:36.651","67.78658925412351266","1515","422649856","48"
"06/02/2026 14:46:41.646","45.982474538696813227","1500","422649856","48"
"06/02/2026 14:46:46.654","57.712819572291131465","1508","422649856","48"
"06/02/2026 14:46:51.655","51.2472623712441262","1555","422649856","48"
"06/02/2026 14:46:56.654","47.195885764982719479","1595","422649856","48"
"06/02/2026 14:47:01.645","50.087137595016805847","1568","422649856","48"
"06/02/2026 14:47:06.653","61.149425094569956229","1601","422649856","48"
"06/02/2026 14:47:11.640","40.734789218597747151","1557","422649856","48"
"06/02/2026 14:47:16.650","53.63615832667479566","1581","422649856","48"
"06/02/2026 14:47:21.650","45.004500450045000548","1583","422649856","48"
"06/02/2026 14:47:26.642","39.126665383629230632","1574","422649856","48"
"06/02/2026 14:47:31.653","47.084324120554626347","1621","422649856","48"
"06/02/2026 14:47:36.647","62.887478224788281977","1559","422649856","48"
"06/02/2026 14:47:41.650","61.214779464487314442","1605","422649856","48"
"06/02/2026 14:47:46.658","58.322809361846118748","1607","422649856","48"
"06/02/2026 14:47:51.663","55.583764628372797745","1607","422649856","48"
"06/02/2026 14:47:56.650","57.338847033521922469","1622","422649856","48"
"06/02/2026 14:48:01.656","62.739208057147642705","1599","422649856","48"
"06/02/2026 14:48:06.653","67.227672568019741561","1655","422649856","48"
"06/02/2026 14:48:11.654","60.611627862660945709","1646","422649856","48"
"06/02/2026 14:48:16.639","51.091959167276144171","1634","422649856","48"
"06/02/2026 14:48:21.645","67.103629857186703589","1617","422649856","48"
"06/02/2026 14:48:26.655","28.060981676403450535","1632","422649856","48"
"06/02/2026 14:48:31.645","59.20131168355690221","1654","422649856","48"
"06/02/2026 14:48:36.654","70.49880713522793485","1631","422649856","48"
"06/02/2026 14:48:41.650","50.975495095024022874","1634","422649856","48"
"06/02/2026 14:48:46.653","57.154899988144755696","1664","422649856","48"
"06/02/2026 14:48:51.646","65.395234126502799654","1639","422649856","48"
"06/02/2026 14:48:56.645","62.827074624771448441","1682","422649856","48"
"06/02/2026 14:49:01.653","46.181599509334738229","1698","422649856","48"
"06/02/2026 14:49:06.639","76.690805251001023635","1675","422649856","48"
"06/02/2026 14:49:11.654","63.005933906341148543","1646","422649856","48"
"06/02/2026 14:49:16.648","51.295219813979208823","1687","422649856","48"
"06/02/2026 14:49:21.655","58.37569531634078146","1639","422649856","48"
"06/02/2026 14:49:26.647","66.97050798084164569","1626","422649856","48"
"06/02/2026 14:49:31.654","42.759634553416233871","1656","422649856","48"
"06/02/2026 14:49:36.638","62.066250945663966831","1645","422649856","48"
"06/02/2026 14:49:41.656","69.132791880989117317","1642","422649856","48"
"06/02/2026 14:49:46.658","52.788677525606239271","1642","422649856","48"
"06/02/2026 14:49:51.655","69.423550665922704184","1655","422649856","48"
"06/02/2026 14:49:56.655","61.561811738944761885","1630","422649856","48"
"06/02/2026 14:50:01.652","54.712490477150346635","1656","422649856","48"
"06/02/2026 14:50:06.644","44.138739962762876701","1639","422649856","48"
"06/02/2026 14:50:11.653","51.152386923082417525","1628","422649856","48"
"06/02/2026 14:50:16.646","29.106550435560187395","1622","422649856","48"
"06/02/2026 14:50:21.656","65.796253865900993674","1629","422649856","48"
"06/02/2026 14:50:26.663","62.736036064523837297","1683","422649856","48"
"06/02/2026 14:50:31.644","41.403784420321024129","1606","422649856","48"
"06/02/2026 14:50:36.656","44.569824965333523892","1644","422649856","48"
"06/02/2026 14:50:41.652","38.47806511536722951","1624","422649856","48"
"06/02/2026 14:50:46.641","35.387024365573410023","1680","422649856","48"
"06/02/2026 14:50:51.648","40.570773104668298004","1686","422649856","48"
"06/02/2026 14:50:56.638","47.909543655246324079","1662","422649856","48"
"06/02/2026 14:51:01.647","30.566692810795693447","1688","422649856","48"
"06/02/2026 14:51:06.648","49.371886608830443777","1698","422649856","48"
"06/02/2026 14:51:11.659","38.665502730263447972","1672","422649856","48"
"06/02/2026 14:51:16.660","38.428696754147559034","1658","422649856","48"
"06/02/2026 14:51:21.652","43.50608124623331463","1642","422649856","48"
"06/02/2026 14:51:26.643","52.908985884839310643","1627","422649856","48"
"06/02/2026 14:51:31.653","62.994949446665337689","1641","422649856","48"
"06/02/2026 14:51:36.645","43.825901201773326932","1623","422649856","48"
"06/02/2026 14:51:41.650","36.210055963066025697","1648","422649856","48"
"06/02/2026 14:51:46.656","38.702674369780631025","1656","422649856","48"
"06/02/2026 14:51:51.659","54.027403798492500187","1636","422649856","48"
"06/02/2026 14:51:56.647","43.535345689437008332","1652","422649856","48"
"06/02/2026 14:52:01.636","50.082171822596208699","1646","422649856","48"
"06/02/2026 14:52:06.643","61.211272851892061908","1590","422649856","48"
"06/02/2026 14:52:11.642","55.932831845854146025","1624","422649856","48"
"06/02/2026 14:52:16.651","47.428802727074284462","1606","422649856","48"
"06/02/2026 14:52:21.661","57.98884682675852531","1605","422649856","48"
"06/02/2026 14:52:26.650","43.859255158971208743","1574","422649856","48"
"06/02/2026 14:52:31.662","64.53934090743925367","1638","422649856","48"
"06/02/2026 14:52:36.648","57.341853949297792781","1622","422649856","48"
"06/02/2026 14:52:41.658","60.816707072746254426","1600","422649856","48"
"06/02/2026 14:52:46.638","47.057684519380067911","1620","422649856","48"
"06/02/2026 14:52:51.642","39.967913758834406224","1614","422649856","48"
"06/02/2026 14:52:56.657","41.750308528548636389","1626","422649856","48"
"06/02/2026 14:53:01.642","50.472776301144286037","1604","422649856","48"
"06/02/2026 14:53:06.652","49.577973332872481649","1657","422649856","48"
"06/02/2026 14:53:11.647","65.076442694175142378","1605","422649856","48"
"06/02/2026 14:53:16.656","50.833666136875500285","1631","422649856","48"
"06/02/2026 14:53:21.653","49.413906533448177072","1623","422649856","48"
"06/02/2026 14:53:26.648","50.048068166589921191","1596","422649856","48"
"06/02/2026 14:53:31.654","53.691435529781536218","1530","422649856","48"
"06/02/2026 14:53:36.645","62.292686184036639929","1546","422649856","48"
"06/02/2026 14:53:41.647","53.735183060622858875","1542","422649856","48"
"06/02/2026 14:53:46.651","56.832987918670760052","1566","422649856","48"
"06/02/2026 14:53:51.648","60.66281841425581689","1601","422649856","48"
"06/02/2026 14:53:56.661","47.369213601246954681","1577","422649856","48"
"06/02/2026 14:54:01.656","58.185292764067988003","1538","422649856","48"
"06/02/2026 14:54:06.648","65.733287703496984022","1564","422649856","48"
"06/02/2026 14:54:11.648","65.316334068809837277","1572","422649856","48"
"06/02/2026 14:54:16.653","37.463190167868660296","1536","422649856","48"
"06/02/2026 14:54:21.638","55.154462277787430935","1491","422649856","48"
"06/02/2026 14:54:26.644","39.019664992164898365","1529","422649856","48"
"06/02/2026 14:54:31.650","61.181580638372111025","1555","422649856","48"
"06/02/2026 14:54:36.636","54.207946425212419683","1474","422649856","48"
"06/02/2026 14:54:41.659","44.465862575941969226","1510","422649856","48"
"06/02/2026 14:54:46.645","59.254050569275293014","1506","422649856","48"
"06/02/2026 14:54:51.652","63.037615995954091375","1548","422649856","48"
"06/02/2026 14:54:56.648","55.036441829593044872","1592","422649856","48"
"06/02/2026 14:55:01.655","27.777507562623060977","1576","422649856","48"
"06/02/2026 14:55:06.653","54.394281684971687696","1541","422649856","48"
"06/02/2026 14:55:11.637","59.564808025959358417","1567","422649856","48"
"06/02/2026 14:55:16.647","72.976255417632458489","1537","422649856","48"
"06/02/2026 14:55:21.657","53.642959765225270985","1597","422649856","48"
"06/02/2026 14:55:26.654","33.766459798493372091","1596","422649856","48"
"06/02/2026 14:55:31.642","63.907533347853132","1569","422649856","48"
"06/02/2026 14:55:36.649","46.817136827908910846","1564","422649856","48"
"06/02/2026 14:55:41.662","50.495356202671018764","1613","422649856","48"
"06/02/2026 14:55:46.652","67.618598965469502104","1608","422649856","48"
"06/02/2026 14:55:51.638","46.078270960916441368","1654","422649856","48"
"06/02/2026 14:55:56.641","75.573866721776056465","1603","422649856","48"
"06/02/2026 14:56:01.657","56.073229145120009775","1560","422649856","48"
"06/02/2026 14:56:06.653","33.776272535829271249","1626","422649856","48"
"06/02/2026 14:56:11.637","80.226271781457853649","1632","422649856","48"
"06/02/2026 14:56:16.658","44.506228800469415319","1594","422649856","48"
"06/02/2026 14:56:21.653","62.250495010931260254","1618","422649856","48"
"06/02/2026 14:56:26.647","52.570417022192884815","1663","422649856","48"
"06/02/2026 14:56:31.643","66.610287552495918817","1607","422649856","48"
"06/02/2026 14:56:36.655","63.533261361526058408","1643","422649856","48"
"06/02/2026 14:56:41.660","80.932623000138022462","1622","422649856","48"
"06/02/2026 14:56:46.655","60.687363548529738466","1619","422649856","48"
"06/02/2026 14:56:51.653","60.331375274068243186","1620","422649856","48"
"06/02/2026 14:56:56.652","70.014418769401359555","1583","422649856","48"
"06/02/2026 14:57:01.646","35.993428028207347324","1559","422649856","48"
"06/02/2026 14:57:06.647","73.106936738070757542","1611","422649856","48"
"06/02/2026 14:57:11.647","37.185912905237202608","1571","422649856","48"
"06/02/2026 14:57:16.651","67.743482939581156188","1621","422649856","48"
"06/02/2026 14:57:21.647","53.479932047685274199","1640","422649856","48"
"06/02/2026 14:57:26.642","59.44580232840522882","1605","422649856","48"
"06/02/2026 14:57:31.652","86.04931578572453077","1599","422649856","48"
"06/02/2026 14:57:36.653","68.139647298583298607","1606","422649856","48"
"06/02/2026 14:57:41.650","52.206887549760480738","1617","422649856","48"
"06/02/2026 14:57:46.637","70.462417248185587937","1597","422649856","48"
"06/02/2026 14:57:51.643","42.473891299018497136","1563","422649856","48"
"06/02/2026 14:57:56.646","31.543179171893630297","1586","422649856","48"
"06/02/2026 14:58:01.656","75.790398415714946623","1559","422649856","48"
"06/02/2026 14:58:06.648","51.338025204776613464","1592","422649856","48"
"06/02/2026 14:58:11.655","67.397993137386563944","1566","422649856","48"
"06/02/2026 14:58:16.653","43.14584289378512949","1539","422649856","48"
"06/02/2026 14:58:21.644","42.577441553795708273","1552","422649856","48"
"06/02/2026 14:58:26.646","56.851044107034176989","1563","422649856","48"
"06/02/2026 14:58:31.663","73.191004407715524849","1539","422649856","48"
"06/02/2026 14:58:36.637","54.028284565879168611","1541","422649856","48"
"06/02/2026 14:58:41.646","39.302019294331969945","1532","422649856","48"
"06/02/2026 14:58:46.657","57.324456463461068267","1485","422649856","48"
"06/02/2026 14:58:51.659","63.779898740931770362","1568","422649856","48"
"06/02/2026 14:58:56.648","41.336305244994917985","1563","422649856","48"
"06/02/2026 14:59:01.637","46.046240037698623837","1498","422649856","48"
"06/02/2026 14:59:06.645","51.478583731088278341","1504","422649856","48"
"06/02/2026 14:59:11.651","43.069626242931988713","1556","422649856","48"
"06/02/2026 14:59:16.645","46.309735854473402128","1539","422649856","48"
"06/02/2026 14:59:21.654","56.733337989706470239","1554","422649856","48"
"06/02/2026 14:59:26.641","44.208544695744180331","1555","422649856","48"
"06/02/2026 14:59:31.655","32.723616766610867046","1620","422649856","48"
"06/02/2026 14:59:36.637","55.510255284450863655","1593","422649856","48"
"06/02/2026 14:59:41.650","42.390783537478370135","1658","422649856","48"
"06/02/2026 14:59:46.659","48.966883346227490392","1630","422649856","48"
"06/02/2026 14:59:51.651","56.639929048606610706","1664","422649856","48"
"06/02/2026 14:59:56.641","42.915486868768191187","1620","422649856","48"
"06/02/2026 15:00:01.650","52.403387019555268012","1634","422649856","48"
"06/02/2026 15:00:06.654","30.908864173697637057","1625","422649856","48"
"06/02/2026 15:00:11.648","41.280019655894157893","1595","422649856","48"
"06/02/2026 15:00:16.638","47.303573508675590631","1552","422649856","48"
"06/02/2026 15:00:21.649","56.437087761060880098","1572","422649856","48"
"06/02/2026 15:00:26.636","51.393525671271646615","1574","422649856","48"
"06/02/2026 15:00:31.658","32.665136463267799627","1549","422649856","48"
"06/02/2026 15:00:36.657","59.068969233510451033","1552","422649856","48"
"06/02/2026 15:00:41.653","50.051100171230821445","1537","422649856","48"
"06/02/2026 15:00:46.637","58.915550339832911675","1568","422649856","48"
"06/02/2026 15:00:51.641","34.671708423681351974","1553","422649856","48"
"06/02/2026 15:00:56.655","55.778219715779620458","1554","422649856","48"
"06/02/2026 15:01:01.647","52.893904777330405409","1591","422649856","48"
"06/02/2026 15:01:06.652","78.356784676105135645","1542","422649856","48"
"06/02/2026 15:01:11.646","49.440844327658687973","1511","422649856","48"
"06/02/2026 15:01:16.649","37.147379344412861712","1494","422649856","48"
"06/02/2026 15:01:21.654","51.216192191534368305","1500","422649856","48"
"06/02/2026 15:01:26.647","37.555115888077345687","1533","422649856","48"
"06/02/2026 15:01:31.649","48.736589639994662093","1529","422649856","48"
"06/02/2026 15:01:36.653","40.903458505693222946","1542","422649856","48"
"06/02/2026 15:01:41.645","55.363111849590666225","1527","422649856","48"
"06/02/2026 15:01:46.644","71.281495015757769806","1508","422649856","48"
"06/02/2026 15:01:51.655","41.173908969268438796","1574","422649856","48"
"06/02/2026 15:01:56.639","55.492989839593477086","1541","422649856","48"
"06/02/2026 15:02:01.655","49.202535273359821133","1535","422649856","48"
"06/02/2026 15:02:06.653","49.724540804936410154","1568","422649856","48"
"06/02/2026 15:02:11.649","44.095564618173291649","1554","422649856","48"
"06/02/2026 15:02:16.651","53.389726872394582813","1536","422649856","48"
"06/02/2026 15:02:21.652","59.074524028620785998","1551","422649856","48"
"06/02/2026 15:02:26.642","74.832263012798264867","1557","422649856","48"
"06/02/2026 15:02:31.657","43.936081833020210752","1561","422649856","48"
"06/02/2026 15:02:36.641","56.120253360257542852","1593","422649856","48"
"06/02/2026 15:02:41.639","27.50739123602511782","1624","422649856","48"
"06/02/2026 15:02:46.642","59.975786575443756021","1640","422649856","48"
"06/02/2026 15:02:51.646","37.469268455398250239","1601","422649856","48"
"06/02/2026 15:02:56.658","37.403463903871944751","1614","422649856","48"
"06/02/2026 15:03:01.645","29.139177414231355101","1620","422649856","48"
"06/02/2026 15:03:06.654","38.062764335290651729","1626","422649856","48"
"06/02/2026 15:03:11.644","29.433913154535328971","1631","422649856","48"
"06/02/2026 15:03:16.648","40.899955476870452742","1662","422649856","48"
"06/02/2026 15:03:21.649","33.432033862463491403","1638","422649856","48"
"06/02/2026 15:03:26.654","30.589058468081177011","1641","422649856","48"
"06/02/2026 15:03:31.642","20.362587893700926145","1651","422649856","48"
"06/02/2026 15:03:36.643","32.811980914461933878","1624","422649856","48"
"06/02/2026 15:03:41.652","29.004485228645666695","1644","422649856","48"
"06/02/2026 15:03:46.641","23.172804568913484502","1598","422649856","48"
"06/02/2026 15:03:51.646","37.163208640304354446","1610","422649856","48"
"06/02/2026 15:03:56.647","18.746086192124806757","1616","422649856","48"
"06/02/2026 15:04:01.654","39.314926791862035316","1602","422649856","48"
"06/02/2026 15:04:06.640","37.921890243032855494","1592","422649856","48"
"06/02/2026 15:04:11.645","46.198721267342101271","1608","422649856","48"
"06/02/2026 15:04:16.654","40.869501323697633666","1615","422649856","48"
"06/02/2026 15:04:21.643","42.57916744603240744","1584","422649856","48"
"06/02/2026 15:04:26.640","24.710684552674702985","1571","422649856","48"
"06/02/2026 15:04:31.644","29.347026414421772955","1574","422649856","48"
"06/02/2026 15:04:36.654","34.623268297585049424","1620","422649856","48"
"06/02/2026 15:04:41.641","37.593813104974678652","1579","422649856","48"
"06/02/2026 15:04:46.645","40.889306228107301422","1568","422649856","48"
"06/02/2026 15:04:51.648","37.490497658463482367","1577","422649856","48"
"06/02/2026 15:04:56.650","41.20253138763892764","1561","422649856","48"
"06/02/2026 15:05:01.642","40.101280596299623937","1555","422649856","48"
"06/02/2026 15:05:06.654","73.552314914251255118","1596","422649856","48"
"06/02/2026 15:05:11.643","42.919244452878750451","1592","422649856","48"
"06/02/2026 15:05:16.641","48.137698724923630778","1629","422649856","48"
"06/02/2026 15:05:21.648","52.423112069989187489","1595","422649856","48"
"06/02/2026 15:05:26.648","41.568375274161248001","1613","422649856","48"
"06/02/2026 15:05:31.648","60.937994816517914387","1665","422649856","48"
"06/02/2026 15:05:36.654","56.799215079288309482","1638","422649856","48"
"06/02/2026 15:05:41.646","46.957879718545633807","1639","422649856","48"
"06/02/2026 15:05:46.649","49.656444859384940571","1633","422649856","48"
"06/02/2026 15:05:51.648","46.886527521656475415","1661","422649856","48"
"06/02/2026 15:05:56.646","33.76093989496356329","1682","422649856","48"
"06/02/2026 15:06:01.649","42.163075773465948259","1649","422649856","48"
"06/02/2026 15:06:06.647","30.633384970134024172","1626","422649856","48"
"06/02/2026 15:06:11.650","45.597423590161142215","1627","422649856","48"
"06/02/2026 15:06:16.651","47.18436507078469333","1620","422649856","48"
"06/02/2026 15:06:21.646","35.960574462209422109","1649","422649856","48"
"06/02/2026 15:06:26.661","44.872130581808853833","1655","422649856","48"
"06/02/2026 15:06:31.649","38.225667294820908637","1664","422649856","48"
"06/02/2026 15:06:36.656","56.463290610599734975","1622","422649856","48"
"06/02/2026 15:06:41.651","64.141187125541875957","1622","422649856","48"
"06/02/2026 15:06:46.644","39.746846811911801467","1636","422649856","48"
"06/02/2026 15:06:51.646","36.237495165168404299","1613","422649856","48"
"06/02/2026 15:06:56.649","46.822653210164098425","1621","422649856","48"
"06/02/2026 15:07:01.646","25.339609327643085379","1629","422649856","48"
"06/02/2026 15:07:06.646","29.1079364297333818","1678","422649856","48"
"06/02/2026 15:07:11.648","39.409986521355826028","1659","422649856","48"
"06/02/2026 15:07:16.645","35.021126844980507542","1627","422649856","48"
"06/02/2026 15:07:21.645","38.12331876164260791","1630","422649856","48"
"06/02/2026 15:07:26.648","20.922373542376330846","1591","422649856","48"
"06/02/2026 15:07:31.657","45.547637337981441874","1601","422649856","48"
"06/02/2026 15:07:36.650","40.997176309780044789","1636","422649856","48"
"06/02/2026 15:07:41.652","33.419643884272630885","1660","422649856","48"
"06/02/2026 15:07:46.639","35.087244433283359513","1621","422649856","48"
"06/02/2026 15:07:51.643","27.793038758400591348","1582","422649856","48"
"06/02/2026 15:07:56.650","44.944902044583542988","1593","422649856","48"
"06/02/2026 15:08:01.656","29.647379387370246917","1613","422649856","48"
"06/02/2026 15:08:06.637","26.979501862925818756","1604","422649856","48"
"06/02/2026 15:08:11.638","27.492475309507785397","1557","422649856","48"
"06/02/2026 15:08:16.647","46.484985357217134094","1606","422649856","48"
"06/02/2026 15:08:21.655","40.246586555334864954","1571","422649856","48"
"06/02/2026 15:08:26.644","25.053541422302778585","1564","422649856","48"
"06/02/2026 15:08:31.647","61.841525182418756401","1576","422649856","48"
"06/02/2026 15:08:36.639","37.24047979617723314","1560","422649856","48"
"06/02/2026 15:08:41.645","29.966376526881777664","1540","422649856","48"
"06/02/2026 15:08:46.654","31.819373371471993295","1475","422649856","48"
"06/02/2026 15:08:51.641","33.522100395209399437","1421","422649856","48"
"06/02/2026 15:08:56.645","33.723093018542364518","1326","422649856","48"
"06/02/2026 15:09:01.655","26.509111180265172436","1278","422649856","48"
"06/02/2026 15:09:06.644","18.16315861667460041","1295","422649856","48"
"06/02/2026 15:09:11.652","24.963433562517622022","1375","422649856","48"
"06/02/2026 15:09:16.648","24.085112066612619941","1397","422649856","48"
"06/02/2026 15:09:21.655","28.71051328266182523","1528","422649856","48"
"06/02/2026 15:09:26.640","26.954118964478812615","1606","422649856","48"
"06/02/2026 15:09:31.655","19.629342576401491272","1595","422649856","48"
"06/02/2026 15:09:36.650","25.025659309002705299","1585","422649856","48"
"06/02/2026 15:09:41.656","31.835972917519871572","1577","422649856","48"
"06/02/2026 15:09:46.639","30.098780586029675987","1582","422649856","48"
"06/02/2026 15:09:51.647","22.153141806247020895","1604","422649856","48"
"06/02/2026 15:09:56.649","34.342720590062988606","1599","422649856","48"
"06/02/2026 15:10:01.649","37.833169773974312022","1578","422649856","48"
"06/02/2026 15:10:06.649","26.562167441663632417","1554","422649856","48"
"06/02/2026 15:10:11.650","19.372525741012360356","1582","422649856","48"
"06/02/2026 15:10:16.656","14.981912037958331041","1587","422649856","48"
"06/02/2026 15:10:21.640","27.567810196809706014","1593","422649856","48"
"06/02/2026 15:10:26.655","30.551607096336752534","1600","422649856","48"
"06/02/2026 15:10:31.643","43.861079059940884406","1584","422649856","48"
"06/02/2026 15:10:36.656","35.221935949409441946","1623","422649856","48"
"06/02/2026 15:10:41.647","66.051265378462559852","1576","422649856","48"
"06/02/2026 15:10:46.645","34.389949310965477025","1625","422649856","48"
"06/02/2026 15:10:51.655","59.861757651350281151","1578","422649856","48"
"06/02/2026 15:10:56.655","37.825951664931082519","1555","422649856","48"
"06/02/2026 15:11:01.645","41.312650634687500428","1627","422649856","48"
"06/02/2026 15:11:06.655","49.920404909595944787","1605","422649856","48"
"06/02/2026 15:11:11.655","35.627284421477106946","1617","422649856","48"
"06/02/2026 15:11:16.648","38.488082577646849813","1589","422649856","48"
"06/02/2026 15:11:21.656","29.005286492288227862","1604","422649856","48"
"06/02/2026 15:11:26.650","24.416235114510790538","1634","422649856","48"
"06/02/2026 15:11:31.651","36.236746772235520098","1613","422649856","48"
"06/02/2026 15:11:36.644","54.445337932074444609","1632","422649856","48"
"06/02/2026 15:11:41.640","54.74305653835851615","1657","422649856","48"
"06/02/2026 15:11:46.653","45.504446889034753099","1626","422649856","48"
"06/02/2026 15:11:51.649","56.299344123150177666","1657","422649856","48"
"06/02/2026 15:11:56.648","54.693814947873889309","1623","422649856","48"
"06/02/2026 15:12:01.659","60.485064174927451575","1653","422649856","48"
"06/02/2026 15:12:06.657","46.904021394197449979","1604","422649856","48"
"06/02/2026 15:12:11.647","53.854147458687407379","1659","422649856","48"
"06/02/2026 15:12:16.643","61.89911713401775728","1670","422649856","48"
"06/02/2026 15:12:21.653","62.088223414289487323","1645","422649856","48"
"06/02/2026 15:12:26.645","41.005104295349660504","1688","422649856","48"
"06/02/2026 15:12:31.648","61.189902948717943332","1671","422649856","48"
"06/02/2026 15:12:36.657","66.45543763175773222","1624","422649856","48"
"06/02/2026 15:12:41.644","37.916181799129724084","1626","422649856","48"
"06/02/2026 15:12:46.652","61.468220044096369747","1694","422649856","48"
"06/02/2026 15:12:51.640","35.072619963992643477","1698","422649856","48"
"06/02/2026 15:12:56.653","41.778191574483606985","1643","422649856","48"
"06/02/2026 15:13:01.650","48.153394130382920935","1635","422649856","48"
